city,state,avg_aqi,max_aqi,pct_bad_days,pct_crisis_days,aqi_volatility,winter_avg_aqi,summer_avg_aqi,monsoon_avg_aqi,winter_pct_bad_days,first_year,last_year,early_aqi,recent_aqi,aqi_change,trend_direction,state_population,population_millions,total_vehicles,vehicles_per_1000_people,pct_ev_vehicles,pct_motor_cars,respiratory_cases,respiratory_deaths,case_fatality_rate,total_monitoring_days,data_reliability,aqi_severity_score,market_attractiveness_score,health_impact_score,urgency_score,composite_priority_score,priority_tier,estimated_annual_health_cost,addressable_households
Darbhanga,Bihar,207.7,473.0,47.17,28.01,123.6,317.5,159.3,98.4,87.43,2021,2023,248.9,364.7,115.9,Worsening,19836000.0,19.84,328700.0,16.57,2.52,6.4,4158.0,27.0,0.65,407,Low,66.6,23.4,100.0,93.7,67.6,Tier 2 - Early Expansion,57574440.0,1102000.0
Gurgaon,Haryana,222.7,494.0,56.87,29.4,112.4,300.0,237.9,140.6,85.78,2015,2018,146.3,215.0,68.6,Worsening,17198333.333333332,17.2,254937.0,14.82,2.08,29.86,1190.0,7.0,0.59,779,Medium,72.4,30.0,69.2,92.9,66.4,Tier 2 - Early Expansion,17667533.0,955463.0
Ghaziabad,Uttar Pradesh,213.3,500.0,49.32,23.63,110.3,303.7,195.9,142.8,83.07,2017,2025,259.9,173.9,-86.0,Improving,67305333.33333333,67.31,988861.0,14.69,3.47,12.85,41962.0,13.0,0.03,2954,High,68.2,56.0,100.0,51.5,65.7,Tier 2 - Early Expansion,596699640.0,3739185.0
Greater Noida,Uttar Pradesh,206.4,500.0,47.22,19.89,102.9,289.8,187.7,143.8,80.71,2018,2025,223.9,148.7,-75.2,Improving,67305333.33333333,67.31,988861.0,14.69,3.47,12.85,41962.0,13.0,0.03,2569,High,66.4,56.0,100.0,50.4,64.8,Tier 2 - Early Expansion,577397120.0,3739185.0
NOIDA,Uttar Pradesh,200.0,500.0,43.88,20.19,105.2,288.9,180.2,132.9,81.44,2017,2025,219.9,151.7,-68.2,Improving,67305333.33333333,67.31,988861.0,14.69,3.47,12.85,41962.0,13.0,0.03,2942,High,64.2,56.0,100.0,50.7,64.1,Tier 2 - Early Expansion,559493333.0,3739185.0
Baghpat,Uttar Pradesh,186.5,465.0,40.36,16.36,102.5,260.4,186.4,123.3,71.7,2018,2025,240.8,166.4,-74.5,Improving,67305333.33333333,67.31,988861.0,14.69,3.47,12.85,41962.0,13.0,0.03,2096,High,61.0,56.0,100.0,45.9,61.8,Tier 2 - Early Expansion,521727533.0,3739185.0
Bulandshahr,Uttar Pradesh,177.7,500.0,36.94,12.83,100.2,258.2,164.7,111.4,71.39,2018,2025,223.0,143.0,-80.0,Improving,67305333.33333333,67.31,988861.0,14.69,3.47,12.85,41962.0,13.0,0.03,2447,High,58.5,56.0,100.0,45.7,60.9,Tier 2 - Early Expansion,497109827.0,1495674.0
Lucknow,Uttar Pradesh,173.8,494.0,34.74,14.48,100.4,262.0,155.0,106.3,70.21,2015,2025,182.0,143.7,-38.3,Improving,67305333.33333333,67.31,988861.0,14.69,3.47,12.85,41962.0,13.0,0.03,3592,High,57.1,56.0,100.0,45.1,60.3,Tier 2 - Early Expansion,486199707.0,1495674.0
Muzaffarnagar,Uttar Pradesh,179.3,446.0,38.57,12.42,92.8,248.1,169.2,125.6,68.48,2018,2025,220.2,131.7,-88.4,Improving,67305333.33333333,67.31,988861.0,14.69,3.47,12.85,41962.0,13.0,0.03,2230,High,57.9,56.0,100.0,44.2,60.3,Tier 2 - Early Expansion,501585773.0,1495674.0
Meerut,Uttar Pradesh,173.9,459.0,37.22,11.85,95.3,241.6,157.6,116.2,67.68,2019,2025,251.0,129.1,-121.9,Improving,67305333.33333333,67.31,988861.0,14.69,3.47,12.85,41962.0,13.0,0.03,2085,High,57.1,56.0,100.0,43.8,59.9,Tier 2 - Early Expansion,486479453.0,1495674.0
Byrnihat,Assam,235.1,442.0,64.88,28.61,95.4,311.3,211.6,166.1,95.62,2022,2025,377.0,241.3,-135.7,Improving,6789666.666666667,6.79,154288.0,22.72,2.51,10.28,9886.0,83.0,0.84,692,Medium,76.4,12.3,100.0,57.8,59.3,Tier 2 - Early Expansion,154946573.0,377204.0
Bhiwadi,Rajasthan,206.1,483.0,49.42,18.75,94.9,264.9,199.0,150.9,76.85,2017,2025,358.1,157.2,-200.9,Improving,25861666.666666668,25.86,356605.0,13.79,4.34,18.03,3206.0,18.0,0.56,2592,High,66.2,33.9,100.0,48.4,58.7,Tier 2 - Early Expansion,44050440.0,1436759.0
Hajipur,Bihar,152.7,427.0,29.41,4.75,83.5,220.6,155.0,83.9,61.29,2020,2025,98.8,196.6,97.9,Worsening,19836000.0,19.84,328700.0,16.57,2.52,6.4,4158.0,27.0,0.65,1768,High,48.8,23.4,100.0,80.6,58.1,Tier 2 - Early Expansion,42328440.0,440800.0
Kanpur,Uttar Pradesh,157.4,497.0,26.46,14.25,107.2,251.5,124.7,100.1,60.58,2015,2025,173.4,100.2,-73.2,Improving,67305333.33333333,67.31,988861.0,14.69,3.47,12.85,41962.0,13.0,0.03,3515,High,51.6,56.0,100.0,40.3,57.1,Tier 2 - Early Expansion,440321253.0,1495674.0
Varanasi,Uttar Pradesh,147.6,500.0,29.2,11.94,107.3,212.3,138.9,93.0,52.24,2015,2025,197.7,63.1,-134.6,Improving,67305333.33333333,67.31,988861.0,14.69,3.47,12.85,41962.0,13.0,0.03,3408,High,51.4,56.0,100.0,36.1,56.0,Tier 2 - Early Expansion,412906080.0,1495674.0
Hapur,Uttar Pradesh,155.9,477.0,27.71,10.32,98.3,213.7,135.5,108.7,49.94,2018,2025,355.4,124.3,-231.1,Improving,67305333.33333333,67.31,988861.0,14.69,3.47,12.85,41962.0,13.0,0.03,2180,High,51.5,56.0,100.0,35.0,55.8,Tier 2 - Early Expansion,436125053.0,1495674.0
Patna,Bihar,186.7,488.0,41.86,16.77,104.0,289.6,163.2,105.5,85.76,2015,2025,298.5,161.9,-136.6,Improving,19836000.0,19.84,328700.0,16.57,2.52,6.4,4158.0,27.0,0.65,3125,High,61.6,23.4,100.0,52.9,55.6,Tier 2 - Early Expansion,51753240.0,1102000.0
Singrauli,Madhya Pradesh,176.7,426.0,40.06,11.78,91.7,242.4,178.7,100.8,70.02,2017,2025,312.1,155.6,-156.5,Improving,29831000.0,29.83,392176.0,13.15,4.77,13.24,6654.0,38.0,0.57,2471,High,57.9,35.9,100.0,45.0,55.5,Tier 2 - Early Expansion,78384120.0,1657278.0
Muzaffarpur,Bihar,184.8,500.0,41.76,18.72,112.3,296.4,146.8,97.8,85.63,2015,2025,310.2,132.5,-177.7,Improving,19836000.0,19.84,328700.0,16.57,2.52,6.4,4158.0,27.0,0.65,3163,High,61.3,23.4,100.0,52.8,55.5,Tier 2 - Early Expansion,51226560.0,1102000.0
Agra,Uttar Pradesh,143.1,500.0,23.68,11.25,103.2,222.2,114.7,93.3,52.45,2015,2025,162.8,92.7,-70.1,Improving,67305333.33333333,67.31,988861.0,14.69,3.47,12.85,41962.0,13.0,0.03,3458,High,48.6,56.0,100.0,36.2,55.1,Tier 2 - Early Expansion,400317480.0,1495674.0
Begusarai,Bihar,200.4,474.0,43.25,23.41,124.0,295.3,169.3,115.0,74.04,2022,2025,222.5,141.1,-81.5,Improving,19836000.0,19.84,328700.0,16.57,2.52,6.4,4158.0,27.0,0.65,615,Medium,64.0,23.4,100.0,47.0,55.0,Tier 2 - Early Expansion,55550880.0,1102000.0
Moradabad,Uttar Pradesh,157.5,500.0,26.15,11.58,97.3,211.1,139.4,116.2,44.56,2017,2025,305.1,85.7,-219.3,Improving,67305333.33333333,67.31,988861.0,14.69,3.47,12.85,41962.0,13.0,0.03,2444,High,50.9,56.0,100.0,32.3,54.9,Tier 2 - Early Expansion,440601000.0,1495674.0
Sri Ganganagar,Rajasthan,194.3,441.0,42.22,11.35,80.1,230.3,197.5,152.4,60.53,2023,2025,192.2,158.2,-34.0,Improving,25861666.666666668,25.86,356605.0,13.79,4.34,18.03,3206.0,18.0,0.56,758,Medium,58.8,33.9,100.0,40.3,54.1,Tier 2 - Early Expansion,41528387.0,1436759.0
Chhapra,Bihar,186.2,452.0,40.5,18.73,104.6,272.5,168.9,97.4,74.05,2021,2025,330.3,112.7,-217.7,Improving,19836000.0,19.84,328700.0,16.57,2.52,6.4,4158.0,27.0,0.65,1084,High,61.0,23.4,100.0,47.0,54.0,Tier 2 - Early Expansion,51614640.0,1102000.0
Saharsa,Bihar,178.7,454.0,39.05,17.43,105.1,265.3,147.9,96.1,74.75,2021,2025,277.8,117.9,-159.9,Improving,19836000.0,19.84,328700.0,16.57,2.52,6.4,4158.0,27.0,0.65,1050,High,59.4,23.4,100.0,47.4,53.5,Tier 2 - Early Expansion,49535640.0,440800.0
Faridabad,Haryana,200.4,496.0,44.89,19.92,106.3,289.8,176.9,132.7,82.06,2015,2025,199.0,137.0,-62.0,Improving,17198333.333333332,17.2,254937.0,14.82,2.08,29.86,1190.0,7.0,0.59,3379,High,64.7,30.0,69.2,51.0,53.3,Tier 2 - Early Expansion,15898400.0,955463.0
Rohtak,Haryana,156.5,498.0,30.78,9.39,94.7,218.9,142.6,101.3,56.63,2016,2025,145.1,178.1,33.0,Worsening,17198333.333333332,17.2,254937.0,14.82,2.08,29.86,1190.0,7.0,0.59,2768,High,52.1,30.0,69.2,68.3,53.2,Tier 2 - Early Expansion,12415667.0,382185.0
Howrah,West Bengal,127.3,451.0,23.25,4.93,88.6,224.8,90.8,74.3,66.02,2016,2025,97.6,129.0,31.4,Worsening,43817666.666666664,43.82,295242.0,6.74,2.48,9.02,2114.0,2.0,0.09,2959,High,44.0,47.8,48.2,73.0,52.8,Tier 2 - Early Expansion,17940813.0,973726.0
Bhagalpur,Bihar,171.9,448.0,34.69,15.19,100.5,266.0,139.7,91.3,75.16,2021,2025,283.4,111.1,-172.3,Improving,19836000.0,19.84,328700.0,16.57,2.52,6.4,4158.0,27.0,0.65,1257,High,56.8,23.4,100.0,47.6,52.6,Tier 2 - Early Expansion,47650680.0,440800.0
Hanumangarh,Rajasthan,174.0,447.0,30.38,12.55,92.3,243.3,154.7,129.4,61.14,2023,2025,191.7,134.8,-57.0,Improving,25861666.666666668,25.86,356605.0,13.79,4.34,18.03,3206.0,18.0,0.56,757,Medium,53.8,33.9,100.0,40.6,52.5,Tier 2 - Early Expansion,37189600.0,574704.0
Bahadurgarh,Haryana,165.5,476.0,33.5,10.06,93.9,232.8,152.1,110.6,63.44,2019,2024,154.8,167.6,12.8,Stable,17198333.333333332,17.2,254937.0,14.82,2.08,29.86,1190.0,7.0,0.59,2018,High,54.2,30.0,69.2,61.7,52.3,Tier 2 - Early Expansion,13129667.0,382185.0
Siwan,Bihar,192.2,488.0,37.56,19.75,105.1,255.1,171.5,117.6,59.89,2021,2025,331.9,131.5,-200.4,Improving,19836000.0,19.84,328700.0,16.57,2.52,6.4,4158.0,27.0,0.65,876,Medium,60.7,23.4,100.0,39.9,52.1,Tier 2 - Early Expansion,53277840.0,440800.0
Katihar,Bihar,173.8,465.0,35.1,17.05,108.7,259.9,133.5,105.0,69.71,2021,2025,311.1,85.2,-225.9,Improving,19836000.0,19.84,328700.0,16.57,2.52,6.4,4158.0,27.0,0.65,1097,High,57.2,23.4,100.0,44.9,52.1,Tier 2 - Early Expansion,48177360.0,440800.0
Churu,Rajasthan,138.6,452.0,18.45,3.88,72.7,205.1,128.4,86.5,49.34,2023,2025,130.0,145.2,15.2,Stable,25861666.666666668,25.86,356605.0,13.79,4.34,18.03,3206.0,18.0,0.56,748,Medium,40.4,33.9,100.0,54.7,51.3,Tier 2 - Early Expansion,29623440.0,0.0
Gurugram,Haryana,188.8,486.0,42.4,13.25,91.4,257.2,177.1,125.5,75.51,2018,2025,283.8,190.0,-93.8,Improving,17198333.333333332,17.2,254937.0,14.82,2.08,29.86,1190.0,7.0,0.59,2408,High,60.4,30.0,69.2,47.8,51.0,Tier 2 - Early Expansion,14978133.0,955463.0
Purnia,Bihar,167.9,460.0,32.0,13.17,102.9,253.0,119.1,102.2,66.42,2021,2025,295.5,117.7,-177.9,Improving,19836000.0,19.84,328700.0,16.57,2.52,6.4,4158.0,27.0,0.65,1025,High,55.2,23.4,100.0,43.2,51.0,Tier 2 - Early Expansion,46541880.0,440800.0
Araria,Bihar,166.5,399.0,33.71,10.41,91.3,239.0,130.8,94.7,66.41,2021,2025,227.6,123.0,-104.6,Improving,19836000.0,19.84,328700.0,16.57,2.52,6.4,4158.0,27.0,0.65,961,Medium,53.9,23.4,100.0,43.2,50.5,Tier 2 - Early Expansion,46153800.0,440800.0
Rajgir,Bihar,153.8,461.0,28.65,12.67,100.2,242.3,110.0,77.2,65.07,2021,2025,282.3,148.0,-134.4,Improving,19836000.0,19.84,328700.0,16.57,2.52,6.4,4158.0,27.0,0.65,939,Medium,52.0,23.4,100.0,42.5,49.7,Tier 3 - Future Opportunity,42633360.0,440800.0
Buxar,Bihar,166.0,454.0,31.94,11.94,97.5,233.6,159.9,99.6,56.94,2021,2025,328.4,114.6,-213.8,Improving,19836000.0,19.84,328700.0,16.57,2.52,6.4,4158.0,27.0,0.65,645,Medium,54.4,23.4,100.0,38.5,49.5,Tier 3 - Future Opportunity,46015200.0,440800.0
Samastipur,Bihar,169.3,459.0,31.39,13.27,93.9,230.7,163.5,108.2,58.55,2022,2025,219.0,121.2,-97.8,Improving,19836000.0,19.84,328700.0,16.57,2.52,6.4,4158.0,27.0,0.65,927,Medium,53.9,23.4,100.0,39.3,49.5,Tier 3 - Future Opportunity,46929960.0,440800.0
Munger,Bihar,169.3,445.0,32.58,11.28,93.1,228.3,155.2,94.3,56.78,2021,2025,264.9,103.1,-161.7,Improving,19836000.0,19.84,328700.0,16.57,2.52,6.4,4158.0,27.0,0.65,1099,High,54.2,23.4,100.0,38.4,49.4,Tier 3 - Future Opportunity,46929960.0,440800.0
Guwahati,Assam,123.0,415.0,21.72,3.29,85.5,197.7,110.4,61.6,47.59,2019,2025,109.2,144.7,35.5,Worsening,6789666.666666667,6.79,154288.0,22.72,2.51,10.28,9886.0,83.0,0.84,2279,High,42.2,12.3,100.0,63.8,48.8,Tier 3 - Future Opportunity,81065200.0,150881.0
Bettiah,Bihar,165.7,470.0,30.14,12.25,99.1,223.3,151.8,93.4,50.13,2021,2025,199.6,123.1,-76.5,Improving,19836000.0,19.84,328700.0,16.57,2.52,6.4,4158.0,27.0,0.65,939,Medium,54.0,23.4,100.0,35.1,48.5,Tier 3 - Future Opportunity,45932040.0,440800.0
Gwalior,Madhya Pradesh,143.0,419.0,20.52,5.22,78.5,219.0,125.9,83.4,56.04,2020,2025,144.4,132.7,-11.7,Stable,29831000.0,29.83,392176.0,13.15,4.77,13.24,6654.0,38.0,0.57,1915,High,43.0,35.9,100.0,38.0,48.5,Tier 3 - Future Opportunity,63434800.0,662911.0
Dharuhera,Haryana,179.2,491.0,37.44,11.35,90.9,239.1,173.6,120.8,63.9,2019,2024,169.1,161.3,-7.7,Stable,17198333.333333332,17.2,254937.0,14.82,2.08,29.86,1190.0,7.0,0.59,1779,High,57.0,30.0,69.2,42.0,48.3,Tier 3 - Future Opportunity,14216533.0,382185.0
Ballabgarh,Haryana,170.2,467.0,35.53,10.43,93.4,239.5,156.7,118.2,67.08,2019,2024,205.0,169.7,-35.3,Improving,17198333.333333332,17.2,254937.0,14.82,2.08,29.86,1190.0,7.0,0.59,2004,High,55.6,30.0,69.2,43.5,48.2,Tier 3 - Future Opportunity,13502533.0,382185.0
Sikar,Rajasthan,137.8,452.0,17.06,1.74,65.5,201.1,128.5,88.0,49.36,2023,2025,135.0,139.3,4.3,Stable,25861666.666666668,25.86,356605.0,13.79,4.34,18.03,3206.0,18.0,0.56,803,Medium,38.3,33.9,100.0,44.7,48.1,Tier 3 - Future Opportunity,29452453.0,0.0
Kishanganj,Bihar,152.2,403.0,29.02,7.95,88.6,225.7,127.9,74.7,59.1,2021,2025,280.2,127.5,-152.7,Improving,19836000.0,19.84,328700.0,16.57,2.52,6.4,4158.0,27.0,0.65,1082,High,49.6,23.4,100.0,39.6,48.1,Tier 3 - Future Opportunity,42189840.0,440800.0
Delhi,Delhi,215.9,497.0,51.37,23.54,102.8,313.1,193.7,143.1,89.93,2015,2025,229.5,208.3,-21.3,Improving,26715666.666666668,26.72,183663.0,6.87,6.37,28.67,0.0,0.0,0.0,3679,High,69.3,38.6,0.0,55.0,47.7,Tier 3 - Future Opportunity,0.0,1484204.0
Arrah,Bihar,156.4,420.0,26.49,10.82,89.5,220.7,130.0,96.7,55.56,2021,2025,297.6,114.1,-183.5,Improving,19836000.0,19.84,328700.0,16.57,2.52,6.4,4158.0,27.0,0.65,989,Medium,49.3,23.4,100.0,37.8,47.6,Tier 3 - Future Opportunity,43354080.0,440800.0
Bikaner,Rajasthan,156.6,403.0,21.97,4.73,69.7,210.4,156.0,109.1,49.08,2023,2025,163.5,148.2,-15.3,Stable,25861666.666666668,25.86,356605.0,13.79,4.34,18.03,3206.0,18.0,0.56,783,Medium,43.6,33.9,100.0,34.5,47.4,Tier 3 - Future Opportunity,33470640.0,574704.0
Gorakhpur,Uttar Pradesh,100.4,393.0,5.34,0.73,55.7,138.2,94.0,68.5,11.66,2021,2025,101.7,114.4,12.8,Stable,67305333.33333333,67.31,988861.0,14.69,3.47,12.85,41962.0,13.0,0.03,1368,High,26.7,56.0,100.0,35.8,47.3,Tier 3 - Future Opportunity,280865653.0,0.0
Nagaur,Rajasthan,135.1,353.0,12.87,2.12,61.2,181.2,135.0,90.6,29.57,2023,2025,132.9,148.4,15.5,Stable,25861666.666666668,25.86,356605.0,13.79,4.34,18.03,3206.0,18.0,0.56,707,Medium,35.4,33.9,100.0,44.8,47.1,Tier 3 - Future Opportunity,28875373.0,0.0
Manesar,Haryana,166.0,486.0,33.87,9.49,91.4,229.1,152.1,113.9,61.91,2018,2024,228.1,129.4,-98.7,Improving,17198333.333333332,17.2,254937.0,14.82,2.08,29.86,1190.0,7.0,0.59,1981,High,54.0,30.0,69.2,41.0,47.0,Tier 3 - Future Opportunity,13169333.0,382185.0
Jodhpur,Rajasthan,158.8,436.0,26.22,4.58,71.4,191.1,165.3,115.2,39.87,2015,2025,293.7,119.6,-174.1,Improving,25861666.666666668,25.86,356605.0,13.79,4.34,18.03,3206.0,18.0,0.56,3272,High,45.9,33.9,100.0,29.9,47.0,Tier 3 - Future Opportunity,33940853.0,574704.0
Katni,Madhya Pradesh,136.1,350.0,21.01,1.64,72.5,198.1,128.0,81.7,47.95,2019,2025,201.4,122.2,-79.2,Improving,29831000.0,29.83,392176.0,13.15,4.77,13.24,6654.0,38.0,0.57,2009,High,41.1,35.9,100.0,34.0,46.9,Tier 3 - Future Opportunity,60373960.0,662911.0
Motihari,Bihar,146.8,448.0,25.22,8.32,91.7,219.4,119.8,80.0,53.43,2021,2025,222.4,106.8,-115.6,Improving,19836000.0,19.84,328700.0,16.57,2.52,6.4,4158.0,27.0,0.65,1118,High,48.0,23.4,100.0,36.7,46.8,Tier 3 - Future Opportunity,40692960.0,440800.0
Hisar,Haryana,166.3,490.0,32.05,10.26,92.5,236.0,152.8,112.8,61.45,2019,2024,171.9,136.3,-35.7,Improving,17198333.333333332,17.2,254937.0,14.82,2.08,29.86,1190.0,7.0,0.59,1891,High,53.5,30.0,69.2,40.7,46.8,Tier 3 - Future Opportunity,13193133.0,382185.0
Jhunjhunu,Rajasthan,150.8,422.0,22.25,4.08,69.5,199.7,151.7,101.5,45.53,2023,2025,168.3,145.7,-22.6,Improving,25861666.666666668,25.86,356605.0,13.79,4.34,18.03,3206.0,18.0,0.56,809,Medium,42.9,33.9,100.0,32.8,46.7,Tier 3 - Future Opportunity,32230987.0,574704.0
Ahmednagar,Maharashtra,114.1,277.0,9.62,0.0,58.5,167.2,105.1,68.6,26.17,2024,2025,102.6,132.4,29.9,Worsening,71443333.33333333,71.44,762817.0,10.68,6.06,15.49,5218.0,112.0,2.15,395,Low,30.8,56.8,73.0,43.1,46.7,Tier 3 - Future Opportunity,39691587.0,0.0
Pimpri Chinchwad,Maharashtra,91.5,272.0,4.68,0.0,53.8,158.6,91.7,58.5,21.01,2023,2025,68.8,104.0,35.2,Worsening,71443333.33333333,71.44,762817.0,10.68,6.06,15.49,5218.0,112.0,2.15,641,Medium,24.8,56.8,73.0,50.5,46.5,Tier 3 - Future Opportunity,31829800.0,0.0
Asansol,West Bengal,134.3,394.0,22.25,3.2,79.7,210.1,114.7,73.5,55.69,2018,2025,132.2,139.2,7.0,Stable,43817666.666666664,43.82,295242.0,6.74,2.48,9.02,2114.0,2.0,0.09,2472,High,42.7,47.8,48.2,47.8,46.1,Tier 3 - Future Opportunity,18927347.0,973726.0
Sasaram,Bihar,147.6,401.0,25.0,9.01,89.1,206.7,140.1,63.1,47.82,2021,2025,275.1,144.0,-131.0,Improving,19836000.0,19.84,328700.0,16.57,2.52,6.4,4158.0,27.0,0.65,1076,High,47.5,23.4,100.0,33.9,46.0,Tier 3 - Future Opportunity,40914720.0,440800.0
Navi Mumbai,Maharashtra,109.8,477.0,8.77,1.14,58.8,151.0,103.0,74.7,21.52,2015,2025,91.4,104.8,13.4,Stable,71443333.33333333,71.44,762817.0,10.68,6.06,15.49,5218.0,112.0,2.15,3500,High,29.9,56.8,73.0,40.8,45.8,Tier 3 - Future Opportunity,38195760.0,0.0
Jind,Haryana,157.4,491.0,28.34,10.51,95.7,228.7,132.7,113.4,59.0,2019,2024,164.6,126.1,-38.5,Improving,17198333.333333332,17.2,254937.0,14.82,2.08,29.86,1190.0,7.0,0.59,1969,High,51.5,30.0,69.2,39.5,45.8,Tier 3 - Future Opportunity,12487067.0,382185.0
Tonk,Rajasthan,140.8,368.0,17.8,2.78,66.8,195.8,122.2,103.5,48.26,2023,2025,153.5,119.7,-33.8,Improving,25861666.666666668,25.86,356605.0,13.79,4.34,18.03,3206.0,18.0,0.56,719,Medium,39.3,33.9,100.0,34.1,45.8,Tier 3 - Future Opportunity,30093653.0,0.0
Dholpur,Rajasthan,137.7,417.0,16.57,7.22,83.7,200.8,126.5,84.1,42.13,2023,2025,142.1,111.2,-30.9,Improving,25861666.666666668,25.86,356605.0,13.79,4.34,18.03,3206.0,18.0,0.56,706,Medium,41.7,33.9,100.0,31.1,45.8,Tier 3 - Future Opportunity,29431080.0,0.0
Khurja,Uttar Pradesh,125.3,394.0,11.94,1.02,57.8,149.9,110.4,114.8,21.92,2022,2025,139.8,131.7,-8.0,Stable,67305333.33333333,67.31,988861.0,14.69,3.47,12.85,41962.0,13.0,0.03,980,Medium,33.0,56.0,100.0,21.0,45.8,Tier 3 - Future Opportunity,350522573.0,0.0
Gaya,Bihar,144.5,479.0,22.5,6.78,86.4,215.0,127.6,80.6,51.56,2015,2025,288.8,111.2,-177.6,Improving,19836000.0,19.84,328700.0,16.57,2.52,6.4,4158.0,27.0,0.65,3009,High,45.5,23.4,100.0,35.8,45.7,Tier 3 - Future Opportunity,40055400.0,440800.0
Durgapur,West Bengal,144.9,451.0,23.11,4.15,77.0,197.9,139.1,90.0,48.4,2016,2025,143.1,152.5,9.3,Stable,43817666.666666664,43.82,295242.0,6.74,2.48,9.02,2114.0,2.0,0.09,2194,High,44.0,47.8,48.2,44.2,45.6,Tier 3 - Future Opportunity,20421240.0,973726.0
Angul,Odisha,157.7,370.0,28.55,6.46,80.1,221.0,130.1,83.6,58.67,2023,2025,238.1,143.3,-94.8,Improving,10472666.666666666,10.47,209524.0,20.01,5.65,9.03,1244.0,10.0,0.8,557,Medium,48.5,15.3,100.0,39.3,45.6,Tier 3 - Future Opportunity,13078587.0,232726.0
Sawai Madhopur,Rajasthan,121.3,328.0,6.67,0.13,49.4,150.2,127.4,82.3,14.66,2023,2025,111.9,142.2,30.3,Worsening,25861666.666666668,25.86,356605.0,13.79,4.34,18.03,3206.0,18.0,0.56,750,Medium,28.7,33.9,100.0,47.3,45.3,Tier 3 - Future Opportunity,25925853.0,0.0
Bihar Sharif,Bihar,145.8,433.0,22.82,9.55,92.6,198.6,152.1,76.4,40.46,2021,2025,253.4,142.3,-111.1,Improving,19836000.0,19.84,328700.0,16.57,2.52,6.4,4158.0,27.0,0.65,942,Medium,47.1,23.4,100.0,30.2,44.9,Tier 3 - Future Opportunity,40415760.0,440800.0
Kalyan,Maharashtra,116.7,414.0,11.59,0.96,63.8,165.7,110.1,69.1,24.93,2019,2025,98.7,104.8,6.1,Stable,71443333.33333333,71.44,762817.0,10.68,6.06,15.49,5218.0,112.0,2.15,1873,High,33.0,56.8,73.0,32.5,44.8,Tier 3 - Future Opportunity,40596040.0,0.0
Karauli,Rajasthan,108.5,394.0,8.3,3.13,64.3,151.8,103.7,69.4,23.15,2023,2025,83.0,112.9,29.9,Worsening,25861666.666666668,25.86,356605.0,13.79,4.34,18.03,3206.0,18.0,0.56,735,Medium,30.6,33.9,100.0,41.6,44.6,Tier 3 - Future Opportunity,23190067.0,0.0
Charkhi Dadri,Haryana,162.3,470.0,30.48,7.31,85.0,209.6,165.7,109.5,50.0,2020,2025,193.8,175.1,-18.7,Stable,17198333.333333332,17.2,254937.0,14.82,2.08,29.86,1190.0,7.0,0.59,1601,High,50.8,30.0,69.2,35.0,44.4,Tier 3 - Future Opportunity,12875800.0,382185.0
Aurangabad,Bihar,147.7,406.0,20.68,6.59,79.1,205.8,135.3,91.4,44.01,2022,2025,176.8,151.6,-25.2,Improving,19836000.0,19.84,328700.0,16.57,2.52,6.4,4158.0,27.0,0.65,880,Medium,43.8,23.4,100.0,32.0,44.2,Tier 3 - Future Opportunity,40942440.0,440800.0
Bharatpur,Rajasthan,135.7,396.0,16.37,3.37,72.3,180.8,133.0,91.1,36.11,2023,2025,155.5,110.4,-45.1,Improving,25861666.666666668,25.86,356605.0,13.79,4.34,18.03,3206.0,18.0,0.56,831,Medium,39.1,33.9,100.0,28.1,44.2,Tier 3 - Future Opportunity,29003613.0,0.0
Vrindavan,Uttar Pradesh,111.1,475.0,6.41,1.34,62.9,145.5,113.6,72.4,15.66,2021,2025,161.0,83.5,-77.5,Improving,67305333.33333333,67.31,988861.0,14.69,3.47,12.85,41962.0,13.0,0.03,1341,High,30.0,56.0,100.0,17.8,44.0,Tier 3 - Future Opportunity,310798547.0,0.0
Kolkata,West Bengal,113.4,419.0,17.33,3.51,81.9,203.9,81.3,63.2,50.63,2016,2025,94.9,95.5,0.6,Stable,43817666.666666664,43.82,295242.0,6.74,2.48,9.02,2114.0,2.0,0.09,3046,High,38.4,47.8,48.2,45.3,43.9,Tier 3 - Future Opportunity,15981840.0,0.0
Firozabad,Uttar Pradesh,99.1,489.0,7.66,1.66,63.2,131.7,93.3,71.0,17.62,2021,2025,143.0,71.1,-71.8,Improving,67305333.33333333,67.31,988861.0,14.69,3.47,12.85,41962.0,13.0,0.03,1384,High,28.9,56.0,100.0,18.8,43.8,Tier 3 - Future Opportunity,277228947.0,0.0
Barrackpore,West Bengal,127.4,366.0,21.97,2.89,80.0,212.5,86.1,66.2,59.57,2023,2025,215.2,122.4,-92.8,Improving,43817666.666666664,43.82,295242.0,6.74,2.48,9.02,2114.0,2.0,0.09,519,Medium,41.8,47.8,48.2,39.8,43.8,Tier 3 - Future Opportunity,17954907.0,973726.0
Sangli,Maharashtra,84.0,254.0,1.5,0.0,48.5,122.9,83.3,45.2,3.98,2023,2025,67.9,103.6,35.7,Worsening,71443333.33333333,71.44,762817.0,10.68,6.06,15.49,5218.0,112.0,2.15,666,Medium,21.5,56.8,73.0,42.0,43.2,Tier 3 - Future Opportunity,29220800.0,0.0
Sonipat,Haryana,161.1,455.0,27.51,7.59,82.5,203.2,156.2,120.0,45.51,2019,2024,160.0,134.2,-25.8,Improving,17198333.333333332,17.2,254937.0,14.82,2.08,29.86,1190.0,7.0,0.59,1752,High,49.0,30.0,69.2,32.8,43.2,Tier 3 - Future Opportunity,12780600.0,382185.0
Jalna,Maharashtra,108.9,335.0,5.5,0.81,54.8,132.6,102.7,91.2,7.28,2023,2025,96.8,108.9,12.1,Stable,71443333.33333333,71.44,762817.0,10.68,6.06,15.49,5218.0,112.0,2.15,618,Medium,27.7,56.8,73.0,33.6,43.2,Tier 3 - Future Opportunity,37882680.0,0.0
Kurukshetra,Haryana,141.5,449.0,25.14,5.84,84.0,200.2,127.4,98.3,51.31,2019,2024,146.3,120.6,-25.7,Improving,17198333.333333332,17.2,254937.0,14.82,2.08,29.86,1190.0,7.0,0.59,2088,High,45.7,30.0,69.2,35.7,42.8,Tier 3 - Future Opportunity,11225667.0,382185.0
Prayagraj,Uttar Pradesh,98.5,387.0,5.78,0.54,53.3,131.2,92.3,72.8,15.42,2021,2025,115.9,82.4,-33.5,Improving,67305333.33333333,67.31,988861.0,14.69,3.47,12.85,41962.0,13.0,0.03,1470,High,26.1,56.0,100.0,17.7,42.6,Tier 3 - Future Opportunity,275550467.0,0.0
Tumakuru,Karnataka,102.3,254.0,1.5,0.0,44.9,127.5,107.1,73.9,3.93,2023,2025,95.8,151.9,56.0,Worsening,36658666.666666664,36.66,444335.0,12.12,6.65,15.97,2567.0,21.0,0.82,601,Medium,23.2,43.8,70.0,52.0,42.6,Tier 3 - Future Opportunity,17506940.0,0.0
Yamunanagar,Haryana,154.6,400.0,26.01,5.72,77.5,200.8,141.6,123.5,47.31,2019,2024,174.1,119.0,-55.1,Improving,17198333.333333332,17.2,254937.0,14.82,2.08,29.86,1190.0,7.0,0.59,1957,High,46.5,30.0,69.2,33.7,42.6,Tier 3 - Future Opportunity,12264933.0,382185.0
Panchkula,Haryana,103.3,474.0,8.45,0.49,59.2,134.3,96.1,76.7,16.87,2015,2025,92.0,185.4,93.4,Worsening,17198333.333333332,17.2,254937.0,14.82,2.08,29.86,1190.0,7.0,0.59,2841,High,29.0,30.0,69.2,58.4,42.6,Tier 3 - Future Opportunity,8195133.0,0.0
Dausa,Rajasthan,143.1,379.0,13.65,2.02,58.0,180.6,145.0,104.1,31.44,2023,2025,151.7,145.7,-6.0,Stable,25861666.666666668,25.86,356605.0,13.79,4.34,18.03,3206.0,18.0,0.56,791,Medium,36.1,33.9,100.0,25.7,42.5,Tier 3 - Future Opportunity,30585240.0,0.0
Nalbari,Assam,140.0,384.0,24.81,4.22,83.9,196.9,123.7,72.9,47.63,2022,2025,200.8,139.7,-61.1,Improving,6789666.666666667,6.79,154288.0,22.72,2.51,10.28,9886.0,83.0,0.84,806,Medium,45.4,12.3,100.0,33.8,42.4,Tier 3 - Future Opportunity,92269333.0,150881.0
Dhanbad,Jharkhand,169.7,436.0,23.88,3.98,60.3,187.1,163.3,156.5,39.47,2023,2025,185.7,154.4,-31.4,Improving,12872333.333333334,12.87,151438.0,11.76,1.75,10.77,13531.0,48.0,0.35,578,Medium,44.2,17.9,100.0,29.7,42.4,Tier 3 - Future Opportunity,153080713.0,286052.0
Thane,Maharashtra,119.0,500.0,11.73,1.06,65.2,161.5,111.2,74.9,22.08,2016,2025,137.6,87.4,-50.2,Improving,71443333.33333333,71.44,762817.0,10.68,6.06,15.49,5218.0,112.0,2.15,2642,High,33.6,56.8,73.0,21.0,42.2,Tier 3 - Future Opportunity,41396133.0,0.0
Parbhani,Maharashtra,109.9,335.0,8.29,0.69,58.6,135.3,116.5,73.7,12.61,2023,2025,98.4,101.8,3.4,Stable,71443333.33333333,71.44,762817.0,10.68,6.06,15.49,5218.0,112.0,2.15,579,Medium,29.7,56.8,73.0,26.3,42.1,Tier 3 - Future Opportunity,38230547.0,0.0
Jaipur,Rajasthan,135.6,450.0,14.1,1.75,62.2,171.0,133.2,99.6,27.2,2015,2025,288.3,134.2,-154.1,Improving,25861666.666666668,25.86,356605.0,13.79,4.34,18.03,3206.0,18.0,0.56,3255,High,36.2,33.9,100.0,23.6,42.0,Tier 3 - Future Opportunity,28982240.0,0.0
Mandideep,Madhya Pradesh,120.3,372.0,13.19,0.5,65.1,164.3,114.3,80.2,27.17,2018,2025,161.0,149.2,-11.8,Stable,29831000.0,29.83,392176.0,13.15,4.77,13.24,6654.0,38.0,0.57,2593,High,34.3,35.9,100.0,23.6,41.9,Tier 3 - Future Opportunity,53365080.0,0.0
Panipat,Haryana,152.0,475.0,21.55,8.63,85.0,206.4,143.9,114.4,42.55,2019,2024,172.1,121.2,-51.0,Improving,17198333.333333332,17.2,254937.0,14.82,2.08,29.86,1190.0,7.0,0.59,1842,High,45.9,30.0,69.2,31.3,41.8,Tier 3 - Future Opportunity,12058667.0,382185.0
Bhiwandi,Maharashtra,106.1,270.0,5.97,0.0,50.9,156.2,96.3,71.2,18.13,2023,2025,101.6,105.3,3.6,Stable,71443333.33333333,71.44,762817.0,10.68,6.06,15.49,5218.0,112.0,2.15,636,Medium,26.7,56.8,73.0,29.1,41.8,Tier 3 - Future Opportunity,36908653.0,0.0
Manguraha,Bihar,102.1,332.0,6.56,0.94,57.0,121.2,112.6,58.6,9.15,2022,2025,85.0,115.3,30.2,Worsening,19836000.0,19.84,328700.0,16.57,2.52,6.4,4158.0,27.0,0.65,747,Medium,27.6,23.4,100.0,44.6,41.7,Tier 3 - Future Opportunity,28302120.0,0.0
Belapur,Maharashtra,97.9,300.0,2.7,0.0,49.0,139.6,92.1,60.2,5.86,2023,2025,82.2,110.2,28.0,Worsening,71443333.33333333,71.44,762817.0,10.68,6.06,15.49,5218.0,112.0,2.15,666,Medium,23.9,56.8,73.0,32.9,41.7,Tier 3 - Future Opportunity,34056147.0,0.0
Bundi,Rajasthan,131.3,353.0,12.03,1.16,58.1,171.3,124.8,97.3,31.22,2023,2025,144.4,126.9,-17.5,Stable,25861666.666666668,25.86,356605.0,13.79,4.34,18.03,3206.0,18.0,0.56,690,Medium,33.9,33.9,100.0,25.6,41.7,Tier 3 - Future Opportunity,28063187.0,0.0
Kunjemura,Chhattisgarh,105.4,345.0,7.89,0.45,61.6,141.8,104.9,69.0,16.82,2023,2025,89.5,137.3,47.8,Worsening,10718666.666666666,10.72,177100.0,16.52,3.88,11.14,3495.0,17.0,0.49,672,Medium,29.5,16.2,100.0,48.4,41.5,Tier 3 - Future Opportunity,24558200.0,0.0
Mahad,Maharashtra,90.8,242.0,2.54,0.0,46.9,131.1,85.8,57.9,7.34,2023,2025,83.6,99.6,16.0,Stable,71443333.33333333,71.44,762817.0,10.68,6.06,15.49,5218.0,112.0,2.15,668,Medium,22.5,56.8,73.0,33.7,41.5,Tier 3 - Future Opportunity,31586293.0,0.0
Badlapur,Maharashtra,114.0,310.0,9.44,0.59,59.0,162.3,104.0,74.9,22.57,2023,2025,116.3,107.6,-8.7,Stable,71443333.33333333,71.44,762817.0,10.68,6.06,15.49,5218.0,112.0,2.15,678,Medium,30.8,56.8,73.0,21.3,41.3,Tier 3 - Future Opportunity,39656800.0,0.0
Jabalpur,Madhya Pradesh,117.7,368.0,10.88,0.93,61.8,167.4,109.4,72.4,27.07,2019,2025,165.5,87.6,-77.8,Improving,29831000.0,29.83,392176.0,13.15,4.77,13.24,6654.0,38.0,0.57,2050,High,32.4,35.9,100.0,23.5,41.2,Tier 3 - Future Opportunity,52211720.0,0.0
Kota,Rajasthan,123.4,375.0,11.6,1.18,60.9,169.4,116.4,81.8,28.26,2017,2025,172.9,131.3,-41.6,Improving,25861666.666666668,25.86,356605.0,13.79,4.34,18.03,3206.0,18.0,0.56,2707,High,33.3,33.9,100.0,24.1,41.2,Tier 3 - Future Opportunity,26374693.0,0.0
Ulhasnagar,Maharashtra,115.3,319.0,9.98,0.61,57.4,160.1,101.7,81.8,21.78,2023,2025,127.0,101.3,-25.7,Improving,71443333.33333333,71.44,762817.0,10.68,6.06,15.49,5218.0,112.0,2.15,661,Medium,30.8,56.8,73.0,20.9,41.2,Tier 3 - Future Opportunity,40109027.0,0.0
Bhopal,Madhya Pradesh,120.1,392.0,9.97,0.73,58.4,168.5,107.5,79.6,27.23,2019,2025,158.6,118.6,-40.0,Improving,29831000.0,29.83,392176.0,13.15,4.77,13.24,6654.0,38.0,0.57,2057,High,31.7,35.9,100.0,23.6,41.0,Tier 3 - Future Opportunity,53276360.0,0.0
Jaisalmer,Rajasthan,129.3,374.0,11.61,2.29,59.6,166.7,123.5,99.1,25.75,2023,2025,135.5,130.9,-4.5,Stable,25861666.666666668,25.86,356605.0,13.79,4.34,18.03,3206.0,18.0,0.56,741,Medium,33.8,33.9,100.0,22.9,41.0,Tier 3 - Future Opportunity,27635720.0,0.0
Talcher,Odisha,133.6,414.0,18.56,5.24,78.0,194.8,112.7,79.8,43.25,2018,2025,184.9,150.1,-34.7,Improving,10472666.666666666,10.47,209524.0,20.01,5.65,9.03,1244.0,10.0,0.8,2139,High,40.8,15.3,100.0,31.6,41.0,Tier 3 - Future Opportunity,11079893.0,0.0
Balasore,Odisha,135.3,406.0,17.8,4.54,74.8,199.0,97.2,86.8,44.49,2023,2025,188.3,120.8,-67.5,Improving,10472666.666666666,10.47,209524.0,20.01,5.65,9.03,1244.0,10.0,0.8,573,Medium,40.1,15.3,100.0,32.2,40.9,Tier 3 - Future Opportunity,11220880.0,0.0
Cuttack,Odisha,123.8,355.0,19.43,2.83,77.8,186.3,94.6,55.4,44.1,2023,2025,201.5,121.6,-79.9,Improving,10472666.666666666,10.47,209524.0,20.01,5.65,9.03,1244.0,10.0,0.8,566,Medium,39.8,15.3,100.0,32.1,40.8,Tier 3 - Future Opportunity,10267147.0,0.0
Ujjain,Madhya Pradesh,128.4,500.0,10.94,0.51,57.5,163.0,128.9,88.4,22.62,2017,2025,187.1,76.5,-110.5,Improving,29831000.0,29.83,392176.0,13.15,4.77,13.24,6654.0,38.0,0.57,2542,High,33.0,35.9,100.0,21.3,40.8,Tier 3 - Future Opportunity,56958240.0,0.0
Jhansi,Uttar Pradesh,94.2,277.0,3.43,0.0,48.1,115.1,92.7,71.6,7.18,2022,2025,126.7,72.3,-54.3,Improving,67305333.33333333,67.31,988861.0,14.69,3.47,12.85,41962.0,13.0,0.03,1109,High,23.6,56.0,100.0,13.6,40.7,Tier 3 - Future Opportunity,263521360.0,0.0
Fatehabad,Haryana,150.0,493.0,20.97,7.1,84.7,188.8,152.0,109.2,36.08,2019,2024,155.4,115.6,-39.9,Improving,17198333.333333332,17.2,254937.0,14.82,2.08,29.86,1190.0,7.0,0.59,1788,High,45.3,30.0,69.2,28.0,40.7,Tier 3 - Future Opportunity,11900000.0,382185.0
Bhiwani,Haryana,143.8,471.0,20.94,5.21,79.6,194.4,138.6,98.7,41.05,2019,2024,149.3,133.7,-15.6,Stable,17198333.333333332,17.2,254937.0,14.82,2.08,29.86,1190.0,7.0,0.59,1996,High,43.5,30.0,69.2,30.5,40.7,Tier 3 - Future Opportunity,11408133.0,382185.0
Chittorgarh,Rajasthan,127.3,339.0,9.78,1.09,53.7,171.7,116.5,96.4,27.48,2023,2025,126.8,121.3,-5.5,Stable,25861666.666666668,25.86,356605.0,13.79,4.34,18.03,3206.0,18.0,0.56,736,Medium,31.6,33.9,100.0,23.7,40.5,Tier 3 - Future Opportunity,27208253.0,0.0
Latur,Maharashtra,83.9,241.0,1.7,0.0,42.4,120.3,81.7,51.0,5.38,2023,2025,76.2,94.4,18.1,Stable,71443333.33333333,71.44,762817.0,10.68,6.06,15.49,5218.0,112.0,2.15,705,Medium,20.3,56.8,73.0,32.7,40.4,Tier 3 - Future Opportunity,29186013.0,0.0
Barmer,Rajasthan,107.1,344.0,3.51,0.5,42.9,123.5,114.1,80.3,6.81,2023,2025,105.9,125.3,19.3,Stable,25861666.666666668,25.86,356605.0,13.79,4.34,18.03,3206.0,18.0,0.56,798,Medium,24.3,33.9,100.0,33.4,40.3,Tier 3 - Future Opportunity,22890840.0,0.0
Nagpur,Maharashtra,106.1,342.0,8.06,0.5,57.3,148.7,103.5,66.5,20.52,2016,2025,116.8,111.2,-5.6,Stable,71443333.33333333,71.44,762817.0,10.68,6.06,15.49,5218.0,112.0,2.15,2816,High,28.8,56.8,73.0,20.3,40.3,Tier 3 - Future Opportunity,36908653.0,0.0
Nashik,Maharashtra,91.9,300.0,4.95,0.0,54.1,133.7,86.6,53.7,10.8,2016,2025,96.9,99.1,2.2,Stable,71443333.33333333,71.44,762817.0,10.68,6.06,15.49,5218.0,112.0,2.15,2948,High,25.1,56.8,73.0,25.4,40.3,Tier 3 - Future Opportunity,31968947.0,0.0
Bhilwara,Rajasthan,109.7,331.0,9.66,0.92,58.3,161.2,83.8,83.1,27.27,2023,2025,136.5,106.4,-30.1,Improving,25861666.666666668,25.86,356605.0,13.79,4.34,18.03,3206.0,18.0,0.56,652,Medium,30.2,33.9,100.0,23.6,39.9,Tier 3 - Future Opportunity,23446547.0,0.0
Agartala,Tripura,126.6,362.0,23.73,2.99,85.0,190.4,110.0,63.1,44.31,2020,2025,153.5,111.3,-42.2,Improving,2480333.3333333335,2.48,13934.0,5.62,3.88,9.66,23586.0,200.0,0.85,1538,High,43.4,6.7,100.0,32.2,39.9,Tier 3 - Future Opportunity,199065840.0,55119.0
Nanded,Maharashtra,99.6,285.0,3.82,0.0,51.5,132.5,95.5,71.0,6.34,2023,2025,92.7,100.8,8.1,Stable,71443333.33333333,71.44,762817.0,10.68,6.06,15.49,5218.0,112.0,2.15,629,Medium,25.1,56.8,73.0,23.2,39.7,Tier 3 - Future Opportunity,34647520.0,0.0
Kaithal,Haryana,135.4,467.0,18.6,5.29,81.3,183.3,125.3,102.5,37.84,2019,2024,133.1,126.2,-6.9,Stable,17198333.333333332,17.2,254937.0,14.82,2.08,29.86,1190.0,7.0,0.59,2021,High,41.8,30.0,69.2,28.9,39.7,Tier 3 - Future Opportunity,10741733.0,0.0
Bileipada,Odisha,147.9,384.0,18.98,1.7,63.9,189.0,146.5,96.4,34.93,2022,2025,170.1,126.3,-43.9,Improving,10472666.666666666,10.47,209524.0,20.01,5.65,9.03,1244.0,10.0,0.8,822,Medium,40.1,15.3,100.0,27.5,39.7,Tier 3 - Future Opportunity,12265840.0,0.0
Bhubaneswar,Odisha,119.3,380.0,17.07,1.72,73.7,179.6,91.0,56.4,40.09,2023,2025,200.2,101.4,-98.8,Improving,10472666.666666666,10.47,209524.0,20.01,5.65,9.03,1244.0,10.0,0.8,580,Medium,37.5,15.3,100.0,30.0,39.5,Tier 3 - Future Opportunity,9893947.0,0.0
Sagar,Madhya Pradesh,81.9,326.0,2.41,0.22,43.8,105.3,82.6,56.3,5.5,2020,2025,72.3,82.9,10.6,Stable,29831000.0,29.83,392176.0,13.15,4.77,13.24,6654.0,38.0,0.57,1825,High,20.6,35.9,100.0,32.8,39.4,Tier 3 - Future Opportunity,36330840.0,0.0
Mumbai,Maharashtra,105.8,500.0,6.58,0.06,54.3,156.1,89.5,69.9,16.85,2015,2025,110.2,96.5,-13.7,Stable,71443333.33333333,71.44,762817.0,10.68,6.06,15.49,5218.0,112.0,2.15,3420,High,27.6,56.8,73.0,18.4,39.4,Tier 3 - Future Opportunity,36804293.0,0.0
Jalgaon,Maharashtra,108.1,321.0,7.37,0.28,53.0,135.7,105.5,83.4,13.73,2023,2025,110.0,104.8,-5.2,Stable,71443333.33333333,71.44,762817.0,10.68,6.06,15.49,5218.0,112.0,2.15,706,Medium,28.0,56.8,73.0,16.9,39.2,Tier 3 - Future Opportunity,37604387.0,0.0
Jalore,Rajasthan,126.7,379.0,8.56,1.43,53.3,162.7,115.8,81.6,18.98,2023,2025,187.6,126.1,-61.4,Improving,25861666.666666668,25.86,356605.0,13.79,4.34,18.03,3206.0,18.0,0.56,561,Medium,31.0,33.9,100.0,19.5,39.2,Tier 3 - Future Opportunity,27080013.0,0.0
Narnaul,Haryana,129.2,435.0,17.03,3.54,75.4,183.8,122.5,85.7,39.22,2019,2024,126.4,94.0,-32.3,Improving,17198333.333333332,17.2,254937.0,14.82,2.08,29.86,1190.0,7.0,0.59,1867,High,39.1,30.0,69.2,29.6,39.0,Tier 3 - Future Opportunity,10249867.0,0.0
Vapi,Gujarat,130.9,392.0,21.46,3.76,81.4,208.6,94.0,78.3,52.94,2019,2025,119.0,113.2,-5.8,Stable,44945000.0,44.95,431724.0,9.61,2.63,20.71,468.0,1.0,0.21,1836,High,42.3,53.8,10.4,36.5,38.9,Tier 3 - Future Opportunity,4084080.0,998778.0
Jorapokhar,Jharkhand,135.6,438.0,14.51,3.18,69.4,171.4,123.9,98.3,28.46,2017,2025,94.6,83.6,-11.0,Stable,12872333.333333334,12.87,151438.0,11.76,1.75,10.77,13531.0,48.0,0.35,1006,High,37.8,17.9,100.0,24.2,38.8,Tier 3 - Future Opportunity,122320240.0,0.0
Chandrapur,Maharashtra,106.2,500.0,5.78,0.56,55.7,138.9,109.6,68.9,11.51,2015,2025,130.8,119.0,-11.8,Stable,71443333.33333333,71.44,762817.0,10.68,6.06,15.49,5218.0,112.0,2.15,3374,High,27.6,56.8,73.0,15.8,38.8,Tier 3 - Future Opportunity,36943440.0,0.0
Bareilly,Uttar Pradesh,77.0,266.0,1.3,0.0,41.7,96.9,74.1,60.3,2.52,2022,2025,105.8,65.0,-40.8,Improving,67305333.33333333,67.31,988861.0,14.69,3.47,12.85,41962.0,13.0,0.03,1080,High,19.1,56.0,100.0,11.3,38.5,Tier 3 - Future Opportunity,215404933.0,0.0
Karnal,Haryana,127.4,456.0,17.91,3.28,76.9,172.9,116.2,95.3,34.21,2019,2024,172.9,101.9,-71.0,Improving,17198333.333333332,17.2,254937.0,14.82,2.08,29.86,1190.0,7.0,0.59,2010,High,39.5,30.0,69.2,27.1,38.5,Tier 3 - Future Opportunity,10107067.0,0.0
Rajsamand,Rajasthan,96.0,320.0,4.3,0.26,46.6,130.2,85.3,78.2,13.18,2023,2025,101.4,103.0,1.6,Stable,25861666.666666668,25.86,356605.0,13.79,4.34,18.03,3206.0,18.0,0.56,767,Medium,23.8,33.9,100.0,26.6,38.5,Tier 3 - Future Opportunity,20518400.0,0.0
Pali,Rajasthan,125.4,453.0,9.02,1.17,53.0,142.6,137.0,92.0,12.87,2017,2025,169.9,151.9,-18.0,Stable,25861666.666666668,25.86,356605.0,13.79,4.34,18.03,3206.0,18.0,0.56,2639,High,30.9,33.9,100.0,16.4,38.4,Tier 3 - Future Opportunity,26802160.0,0.0
Dhule,Maharashtra,101.9,276.0,5.05,0.0,48.4,138.7,102.4,66.8,14.35,2023,2025,106.1,92.7,-13.5,Stable,71443333.33333333,71.44,762817.0,10.68,6.06,15.49,5218.0,112.0,2.15,654,Medium,25.3,56.8,73.0,17.2,38.3,Tier 3 - Future Opportunity,35447613.0,0.0
Pune,Maharashtra,108.5,435.0,4.95,0.4,47.8,143.7,96.9,82.9,12.79,2015,2025,163.6,116.7,-46.9,Improving,71443333.33333333,71.44,762817.0,10.68,6.06,15.49,5218.0,112.0,2.15,3254,High,26.0,56.8,73.0,16.4,38.3,Tier 3 - Future Opportunity,37743533.0,0.0
Malegaon,Maharashtra,108.5,298.0,4.5,0.0,46.1,145.1,109.0,73.6,13.08,2024,2025,109.9,105.8,-4.0,Stable,71443333.33333333,71.44,762817.0,10.68,6.06,15.49,5218.0,112.0,2.15,444,Low,25.5,56.8,73.0,16.5,38.2,Tier 3 - Future Opportunity,37743533.0,0.0
Pithampur,Madhya Pradesh,115.3,314.0,5.8,0.18,49.6,151.0,111.2,80.1,15.02,2017,2025,198.7,134.8,-63.8,Improving,29831000.0,29.83,392176.0,13.15,4.77,13.24,6654.0,38.0,0.57,2723,High,27.6,35.9,100.0,17.5,38.0,Tier 3 - Future Opportunity,51147080.0,0.0
Ratlam,Madhya Pradesh,104.3,302.0,2.24,0.05,45.1,131.1,108.7,70.3,5.26,2019,2025,117.4,118.6,1.2,Stable,29831000.0,29.83,392176.0,13.15,4.77,13.24,6654.0,38.0,0.57,2057,High,23.8,35.9,100.0,22.6,38.0,Tier 3 - Future Opportunity,46267480.0,0.0
Baran,Rajasthan,113.3,322.0,6.49,0.14,52.1,144.3,109.5,86.0,16.38,2023,2025,127.5,112.2,-15.3,Stable,25861666.666666668,25.86,356605.0,13.79,4.34,18.03,3206.0,18.0,0.56,693,Medium,28.1,33.9,100.0,18.2,37.9,Tier 3 - Future Opportunity,24215987.0,0.0
Jhalawar,Rajasthan,105.8,337.0,6.23,0.5,51.4,151.6,94.8,75.5,20.0,2023,2025,105.3,98.8,-6.5,Stable,25861666.666666668,25.86,356605.0,13.79,4.34,18.03,3206.0,18.0,0.56,803,Medium,26.9,33.9,100.0,20.0,37.9,Tier 3 - Future Opportunity,22612987.0,0.0
Mira Bhayandar,Maharashtra,92.3,284.0,4.2,0.0,52.9,147.4,84.2,53.0,11.93,2024,2025,95.4,86.7,-8.7,Stable,71443333.33333333,71.44,762817.0,10.68,6.06,15.49,5218.0,112.0,2.15,429,Low,24.6,56.8,73.0,16.0,37.8,Tier 3 - Future Opportunity,32108093.0,0.0
Byasanagar,Odisha,127.1,324.0,15.55,0.88,68.1,167.8,121.2,59.1,27.63,2023,2025,150.9,129.7,-21.3,Improving,10472666.666666666,10.47,209524.0,20.01,5.65,9.03,1244.0,10.0,0.8,566,Medium,36.8,15.3,100.0,23.8,37.7,Tier 3 - Future Opportunity,10540827.0,0.0
Baripada,Odisha,121.5,370.0,14.04,1.87,69.6,175.8,107.1,69.8,30.36,2022,2025,209.9,99.0,-110.9,Improving,10472666.666666666,10.47,209524.0,20.01,5.65,9.03,1244.0,10.0,0.8,855,Medium,35.7,15.3,100.0,25.2,37.6,Tier 3 - Future Opportunity,10076400.0,0.0
Pratapgarh,Rajasthan,99.0,314.0,2.91,0.13,41.1,126.6,97.8,73.2,9.87,2023,2025,103.5,104.5,0.9,Stable,25861666.666666668,25.86,356605.0,13.79,4.34,18.03,3206.0,18.0,0.56,791,Medium,22.6,33.9,100.0,24.9,37.6,Tier 3 - Future Opportunity,21159600.0,0.0
Rourkela,Odisha,130.4,344.0,15.11,0.76,62.1,171.1,133.7,70.8,29.66,2022,2025,226.5,152.5,-74.0,Improving,10472666.666666666,10.47,209524.0,20.01,5.65,9.03,1244.0,10.0,0.8,920,Medium,35.9,15.3,100.0,24.8,37.6,Tier 3 - Future Opportunity,10814507.0,0.0
Virar,Maharashtra,94.3,302.0,4.24,0.22,47.3,138.3,85.4,68.8,11.61,2024,2025,98.5,86.4,-12.1,Stable,71443333.33333333,71.44,762817.0,10.68,6.06,15.49,5218.0,112.0,2.15,448,Low,23.7,56.8,73.0,15.8,37.4,Tier 3 - Future Opportunity,32803827.0,0.0
Barbil,Odisha,140.3,304.0,16.7,0.7,62.7,163.5,152.2,73.4,21.33,2023,2025,161.8,142.6,-19.2,Stable,10472666.666666666,10.47,209524.0,20.01,5.65,9.03,1244.0,10.0,0.8,569,Medium,37.9,15.3,100.0,20.7,37.3,Tier 3 - Future Opportunity,11635547.0,0.0
Tumidih,Chhattisgarh,92.0,250.0,3.04,0.0,47.2,103.5,106.8,50.9,1.79,2023,2025,81.4,120.7,39.3,Worsening,10718666.666666666,10.72,177100.0,16.52,3.88,11.14,3495.0,17.0,0.49,428,Low,22.9,16.2,100.0,40.9,37.3,Tier 3 - Future Opportunity,21436000.0,0.0
Indore,Madhya Pradesh,104.9,295.0,5.33,0.0,49.3,138.2,97.4,76.8,13.6,2019,2025,135.1,80.4,-54.7,Improving,29831000.0,29.83,392176.0,13.15,4.77,13.24,6654.0,38.0,0.57,2065,High,26.0,35.9,100.0,16.8,37.3,Tier 3 - Future Opportunity,46533640.0,0.0
Boisar,Maharashtra,95.5,299.0,3.5,0.0,44.4,134.8,87.5,71.3,11.5,2024,2025,101.0,86.2,-14.8,Stable,71443333.33333333,71.44,762817.0,10.68,6.06,15.49,5218.0,112.0,2.15,428,Low,23.0,56.8,73.0,15.8,37.2,Tier 3 - Future Opportunity,33221267.0,0.0
Siliguri,West Bengal,103.1,415.0,12.64,2.85,75.8,164.3,94.1,49.9,28.7,2018,2025,118.9,111.2,-7.7,Stable,43817666.666666664,43.82,295242.0,6.74,2.48,9.02,2114.0,2.0,0.09,2421,High,34.0,47.8,48.2,24.4,37.2,Tier 3 - Future Opportunity,14530227.0,0.0
Ambala,Haryana,125.6,452.0,14.48,3.2,71.6,167.2,108.4,101.9,29.31,2019,2024,144.4,93.6,-50.7,Improving,17198333.333333332,17.2,254937.0,14.82,2.08,29.86,1190.0,7.0,0.59,2003,High,36.9,30.0,69.2,24.7,37.0,Tier 3 - Future Opportunity,9964267.0,0.0
Banswara,Rajasthan,115.6,326.0,5.97,0.38,49.1,140.0,124.6,79.7,11.26,2023,2025,114.7,113.7,-1.0,Stable,25861666.666666668,25.86,356605.0,13.79,4.34,18.03,3206.0,18.0,0.56,787,Medium,27.6,33.9,100.0,15.6,37.0,Tier 3 - Future Opportunity,24707573.0,0.0
Udaipur,Rajasthan,111.6,348.0,5.41,0.26,47.6,148.5,103.0,80.6,13.93,2017,2025,187.1,110.6,-76.5,Improving,25861666.666666668,25.86,356605.0,13.79,4.34,18.03,3206.0,18.0,0.56,2681,High,26.6,33.9,100.0,17.0,37.0,Tier 3 - Future Opportunity,23852640.0,0.0
Sirsa,Haryana,129.9,462.0,15.09,3.21,69.5,157.6,124.2,108.3,26.59,2019,2024,160.7,115.4,-45.4,Improving,17198333.333333332,17.2,254937.0,14.82,2.08,29.86,1190.0,7.0,0.59,1961,High,37.3,30.0,69.2,23.3,36.8,Tier 3 - Future Opportunity,10305400.0,0.0
Dewas,Madhya Pradesh,106.5,327.0,4.44,0.23,49.3,134.0,110.7,72.3,9.93,2017,2025,154.6,111.2,-43.4,Improving,29831000.0,29.83,392176.0,13.15,4.77,13.24,6654.0,38.0,0.57,2593,High,25.8,35.9,100.0,15.0,36.8,Tier 3 - Future Opportunity,47243400.0,0.0
Aurangabad,Maharashtra,96.9,373.0,3.2,0.29,44.1,123.3,96.4,68.6,6.97,2016,2025,154.0,93.4,-60.6,Improving,71443333.33333333,71.44,762817.0,10.68,6.06,15.49,5218.0,112.0,2.15,2723,High,23.0,56.8,73.0,13.5,36.6,Tier 3 - Future Opportunity,33708280.0,0.0
Kolhapur,Maharashtra,89.9,338.0,2.47,0.13,49.8,130.1,80.8,60.7,6.69,2023,2025,84.2,77.5,-6.7,Stable,71443333.33333333,71.44,762817.0,10.68,6.06,15.49,5218.0,112.0,2.15,768,Medium,22.9,56.8,73.0,13.3,36.5,Tier 3 - Future Opportunity,31273213.0,0.0
Akola,Maharashtra,91.8,330.0,2.21,0.55,44.1,123.7,81.7,70.8,3.38,2023,2025,102.0,89.4,-12.5,Stable,71443333.33333333,71.44,762817.0,10.68,6.06,15.49,5218.0,112.0,2.15,725,Medium,21.9,56.8,73.0,11.7,35.7,Tier 3 - Future Opportunity,31934160.0,0.0
Nagaon,Assam,109.0,386.0,13.45,1.96,71.0,151.0,106.4,62.4,25.61,2023,2025,119.4,107.3,-12.0,Stable,6789666.666666667,6.79,154288.0,22.72,2.51,10.28,9886.0,83.0,0.84,766,Medium,34.1,12.3,100.0,22.8,35.7,Tier 3 - Future Opportunity,71838267.0,0.0
Amravati,Maharashtra,89.0,314.0,1.34,0.13,42.8,123.5,84.8,59.8,4.2,2023,2025,92.8,90.9,-1.9,Stable,71443333.33333333,71.44,762817.0,10.68,6.06,15.49,5218.0,112.0,2.15,744,Medium,21.0,56.8,73.0,12.1,35.5,Tier 3 - Future Opportunity,30960133.0,0.0
Suakati,Odisha,118.9,309.0,11.24,0.36,61.4,158.2,112.2,72.0,21.82,2022,2025,178.7,111.0,-67.7,Improving,10472666.666666666,10.47,209524.0,20.01,5.65,9.03,1244.0,10.0,0.8,836,Medium,32.6,15.3,100.0,20.9,35.5,Tier 3 - Future Opportunity,9860773.0,0.0
Rairangpur,Odisha,113.6,320.0,10.96,0.88,64.9,158.9,97.4,68.6,21.96,2022,2025,186.9,98.8,-88.1,Improving,10472666.666666666,10.47,209524.0,20.01,5.65,9.03,1244.0,10.0,0.8,794,Medium,32.5,15.3,100.0,21.0,35.5,Tier 3 - Future Opportunity,9421227.0,0.0
Keonjhar,Odisha,110.9,341.0,10.72,1.62,63.3,146.5,99.2,72.6,23.23,2022,2025,189.4,95.1,-94.2,Improving,10472666.666666666,10.47,209524.0,20.01,5.65,9.03,1244.0,10.0,0.8,802,Medium,31.7,15.3,100.0,21.6,35.3,Tier 3 - Future Opportunity,9197307.0,0.0
Nayagarh,Odisha,114.6,336.0,12.52,1.0,69.0,145.9,126.6,54.0,16.49,2022,2025,147.6,109.4,-38.2,Improving,10472666.666666666,10.47,209524.0,20.01,5.65,9.03,1244.0,10.0,0.8,799,Medium,34.1,15.3,100.0,18.2,35.3,Tier 3 - Future Opportunity,9504160.0,0.0
Dungarpur,Rajasthan,101.7,294.0,2.75,0.0,41.6,140.7,93.4,78.2,9.91,2024,2025,102.2,100.9,-1.2,Stable,25861666.666666668,25.86,356605.0,13.79,4.34,18.03,3206.0,18.0,0.56,436,Low,23.0,33.9,100.0,15.0,35.3,Tier 3 - Future Opportunity,21736680.0,0.0
Solapur,Maharashtra,99.8,255.0,0.7,0.0,38.1,125.0,98.9,74.6,1.5,2016,2025,124.5,99.4,-25.1,Improving,71443333.33333333,71.44,762817.0,10.68,6.06,15.49,5218.0,112.0,2.15,2840,High,21.2,56.8,73.0,10.8,35.3,Tier 3 - Future Opportunity,34717093.0,0.0
Palwal,Haryana,119.6,465.0,11.7,3.44,71.2,148.1,127.2,84.4,20.41,2019,2024,185.6,94.8,-90.8,Improving,17198333.333333332,17.2,254937.0,14.82,2.08,29.86,1190.0,7.0,0.59,1949,High,34.9,30.0,69.2,20.2,35.1,Tier 3 - Future Opportunity,9488267.0,0.0
Damoh,Madhya Pradesh,73.3,329.0,3.2,0.17,52.2,111.8,56.0,49.7,8.79,2019,2025,98.3,64.6,-33.7,Improving,29831000.0,29.83,392176.0,13.15,4.77,13.24,6654.0,38.0,0.57,1810,High,21.5,35.9,100.0,14.4,35.1,Tier 3 - Future Opportunity,32515880.0,0.0
Kohima,Nagaland,79.1,277.0,0.8,0.0,38.1,91.0,89.3,53.2,0.75,2020,2025,64.8,95.9,31.1,Worsening,1594000.0,1.59,7335.0,4.6,0.05,26.35,173.0,9.0,5.2,1495,High,18.5,12.4,100.0,40.4,34.7,Tier 3 - Future Opportunity,912287.0,0.0
Ahmedabad,Gujarat,131.0,500.0,12.37,1.72,60.3,159.9,130.0,103.1,20.99,2015,2025,116.7,120.7,4.0,Stable,44945000.0,44.95,431724.0,9.61,2.63,20.71,468.0,1.0,0.21,3073,High,34.5,53.8,10.4,30.5,34.7,Tier 3 - Future Opportunity,4087200.0,0.0
Milupara,Chhattisgarh,73.9,227.0,0.44,0.0,30.2,78.1,75.2,62.1,0.0,2023,2025,60.8,105.8,45.0,Worsening,10718666.666666666,10.72,177100.0,16.52,3.88,11.14,3495.0,17.0,0.49,455,Low,16.1,16.2,100.0,40.0,34.7,Tier 3 - Future Opportunity,17218700.0,0.0
Bengaluru,Karnataka,75.5,266.0,0.41,0.0,29.5,88.9,77.1,60.5,0.5,2015,2025,70.5,80.8,10.3,Stable,36658666.666666664,36.66,444335.0,12.12,6.65,15.97,2567.0,21.0,0.82,3656,High,16.1,43.8,70.0,30.3,34.7,Tier 3 - Future Opportunity,12920567.0,0.0
Alwar,Rajasthan,94.0,355.0,3.25,0.42,40.6,114.4,87.6,79.2,7.36,2017,2025,209.1,85.7,-123.4,Improving,25861666.666666668,25.86,356605.0,13.79,4.34,18.03,3206.0,18.0,0.56,2647,High,22.0,33.9,100.0,13.7,34.6,Tier 3 - Future Opportunity,20090933.0,0.0
Sirohi,Rajasthan,89.0,335.0,2.24,0.84,42.7,117.0,84.2,65.1,6.49,2023,2025,91.6,86.3,-5.3,Stable,25861666.666666668,25.86,356605.0,13.79,4.34,18.03,3206.0,18.0,0.56,715,Medium,21.3,33.9,100.0,13.2,34.2,Tier 3 - Future Opportunity,19022267.0,0.0
Gadag,Karnataka,54.3,500.0,0.7,0.61,35.2,64.3,58.5,38.7,1.43,2021,2025,42.7,53.0,10.3,Stable,36658666.666666664,36.66,444335.0,12.12,6.65,15.97,2567.0,21.0,0.82,1151,High,14.6,43.8,70.0,30.7,34.2,Tier 3 - Future Opportunity,9292540.0,0.0
Satna,Madhya Pradesh,84.2,500.0,2.36,0.45,43.7,92.3,87.6,72.4,2.26,2018,2025,123.5,66.1,-57.3,Improving,29831000.0,29.83,392176.0,13.15,4.77,13.24,6654.0,38.0,0.57,2461,High,20.9,35.9,100.0,11.1,34.1,Tier 3 - Future Opportunity,37351120.0,0.0
Davanagere,Karnataka,57.8,233.0,0.32,0.0,32.8,80.3,59.3,32.1,0.99,2021,2025,51.6,68.2,16.6,Stable,36658666.666666664,36.66,444335.0,12.12,6.65,15.97,2567.0,21.0,0.82,1259,High,14.4,43.8,70.0,30.5,34.1,Tier 3 - Future Opportunity,9891507.0,0.0
Shillong,Meghalaya,52.6,484.0,0.76,0.07,42.2,63.3,68.4,26.7,1.1,2019,2025,35.6,75.9,40.3,Worsening,786333.3333333334,0.79,10259.0,13.05,0.3,29.92,148.0,8.0,5.41,1444,High,15.8,13.5,100.0,40.6,34.1,Tier 3 - Future Opportunity,518987.0,0.0
Surat,Gujarat,112.5,384.0,16.47,2.12,77.0,149.6,78.5,101.6,28.2,2022,2025,221.8,70.4,-151.4,Improving,44945000.0,44.95,431724.0,9.61,2.63,20.71,468.0,1.0,0.21,753,Medium,37.0,53.8,10.4,24.1,34.0,Tier 3 - Future Opportunity,3510000.0,0.0
Haldia,West Bengal,88.1,430.0,3.92,0.35,54.5,142.3,63.5,55.7,10.99,2015,2025,97.0,102.3,5.3,Stable,43817666.666666664,43.82,295242.0,6.74,2.48,9.02,2114.0,2.0,0.09,2577,High,24.2,47.8,48.2,25.5,34.0,Tier 3 - Future Opportunity,12416227.0,0.0
Hassan,Karnataka,64.5,212.0,0.18,0.0,27.4,72.1,74.9,47.1,0.28,2021,2025,64.1,79.7,15.6,Stable,36658666.666666664,36.66,444335.0,12.12,6.65,15.97,2567.0,21.0,0.82,1102,High,14.2,43.8,70.0,30.1,33.9,Tier 3 - Future Opportunity,11038100.0,0.0
Ramanagara,Karnataka,58.9,277.0,0.38,0.0,30.1,71.7,61.6,42.5,0.32,2019,2025,52.7,81.7,29.0,Worsening,36658666.666666664,36.66,444335.0,12.12,6.65,15.97,2567.0,21.0,0.82,1832,High,14.0,43.8,70.0,30.2,33.9,Tier 3 - Future Opportunity,10079753.0,0.0
Ajmer,Rajasthan,100.6,357.0,2.16,0.04,36.3,114.1,104.0,81.5,3.28,2017,2025,130.8,98.0,-32.9,Improving,25861666.666666668,25.86,356605.0,13.79,4.34,18.03,3206.0,18.0,0.56,2641,High,21.5,33.9,100.0,11.6,33.9,Tier 3 - Future Opportunity,21501573.0,0.0
Ankleshwar,Gujarat,120.1,372.0,13.19,0.96,62.2,173.5,99.3,88.2,33.07,2019,2025,112.0,94.9,-17.0,Stable,44945000.0,44.95,431724.0,9.61,2.63,20.71,468.0,1.0,0.21,1971,High,33.7,53.8,10.4,26.5,33.4,Tier 3 - Future Opportunity,3747120.0,0.0
Brajrajnagar,Odisha,108.5,337.0,8.34,0.77,55.9,124.6,119.3,70.4,12.07,2018,2025,141.8,107.6,-34.1,Improving,10472666.666666666,10.47,209524.0,20.01,5.65,9.03,1244.0,10.0,0.8,1822,High,29.0,15.3,100.0,16.0,33.0,Tier 3 - Future Opportunity,8998267.0,0.0
Gummidipoondi,Tamil Nadu,100.8,326.0,6.07,0.17,53.9,141.7,79.8,85.4,18.3,2021,2025,98.7,110.1,11.4,Stable,46665333.333333336,46.67,538553.0,11.54,4.84,13.38,149.0,0.0,0.0,1202,High,26.6,52.7,3.2,39.2,32.8,Tier 3 - Future Opportunity,1001280.0,0.0
Mandikhera,Haryana,105.9,460.0,7.56,1.65,60.4,140.7,100.7,76.7,17.21,2019,2024,143.5,96.2,-47.3,Improving,17198333.333333332,17.2,254937.0,14.82,2.08,29.86,1190.0,7.0,0.59,1945,High,29.2,30.0,69.2,18.6,32.8,Tier 3 - Future Opportunity,8401400.0,0.0
Naharlagun,Arunachal Pradesh,59.9,237.0,0.75,0.0,37.4,77.0,62.8,34.7,1.28,2021,2025,66.7,78.6,11.9,Stable,493333.3333333333,0.49,8867.0,17.97,0.19,41.55,1068.0,6.0,0.56,670,Medium,15.8,18.2,100.0,30.6,32.7,Tier 3 - Future Opportunity,4264880.0,0.0
Kolar,Karnataka,74.1,342.0,0.25,0.12,35.5,83.4,77.3,59.8,0.0,2021,2025,64.2,66.4,2.2,Stable,36658666.666666664,36.66,444335.0,12.12,6.65,15.97,2567.0,21.0,0.82,810,Medium,17.1,43.8,70.0,20.0,32.4,Tier 3 - Future Opportunity,12680980.0,0.0
Yadgir,Karnataka,67.6,240.0,0.52,0.0,34.8,89.0,66.8,40.6,1.26,2019,2025,77.9,78.6,0.7,Stable,36658666.666666664,36.66,444335.0,12.12,6.65,15.97,2567.0,21.0,0.82,1729,High,16.2,43.8,70.0,20.6,32.3,Tier 3 - Future Opportunity,11568613.0,0.0
Udupi,Karnataka,80.5,500.0,4.47,0.28,48.1,80.5,88.0,74.8,3.54,2021,2025,121.6,84.8,-36.9,Improving,36658666.666666664,36.66,444335.0,12.12,6.65,15.97,2567.0,21.0,0.82,716,Medium,22.1,43.8,70.0,11.8,32.1,Tier 3 - Future Opportunity,13776233.0,0.0
Kalaburagi,Karnataka,76.0,500.0,1.97,0.6,50.9,99.3,73.1,48.8,3.76,2018,2025,142.3,64.9,-77.4,Improving,36658666.666666664,36.66,444335.0,12.12,6.65,15.97,2567.0,21.0,0.82,1823,High,21.1,43.8,70.0,11.9,31.8,Tier 3 - Future Opportunity,13006133.0,0.0
Mangalore,Karnataka,68.9,235.0,0.29,0.0,27.7,81.2,67.0,56.3,0.84,2021,2025,69.7,73.8,4.1,Stable,36658666.666666664,36.66,444335.0,12.12,6.65,15.97,2567.0,21.0,0.82,1357,High,14.8,43.8,70.0,20.4,31.7,Tier 3 - Future Opportunity,11791087.0,0.0
Baddi,Himachal Pradesh,160.1,438.0,22.73,4.76,71.7,212.8,156.6,115.0,49.7,2022,2025,158.2,159.1,0.9,Stable,828333.3333333334,0.83,37302.0,45.03,0.68,37.26,0.0,0.0,0.0,1135,High,44.8,18.4,0.0,44.9,31.5,Tier 3 - Future Opportunity,0.0,18407.0
Raichur,Karnataka,93.9,390.0,0.48,0.1,36.8,114.3,89.5,75.1,1.05,2020,2025,129.9,122.4,-7.5,Stable,36658666.666666664,36.66,444335.0,12.12,6.65,15.97,2567.0,21.0,0.82,1046,High,20.1,43.8,70.0,10.5,31.1,Tier 3 - Future Opportunity,16069420.0,0.0
Bidar,Karnataka,83.1,437.0,1.09,0.12,37.3,102.1,82.9,54.0,2.71,2021,2025,82.8,75.1,-7.7,Stable,36658666.666666664,36.66,444335.0,12.12,6.65,15.97,2567.0,21.0,0.82,823,Medium,19.0,43.8,70.0,11.4,31.0,Tier 3 - Future Opportunity,14221180.0,0.0
Maihar,Madhya Pradesh,55.9,262.0,0.3,0.0,26.3,65.7,57.0,41.9,0.62,2019,2025,68.1,49.8,-18.3,Stable,29831000.0,29.83,392176.0,13.15,4.77,13.24,6654.0,38.0,0.57,1662,High,12.8,35.9,100.0,10.3,31.0,Tier 3 - Future Opportunity,24797240.0,0.0
Dindigul,Tamil Nadu,93.9,352.0,11.81,3.7,75.6,140.3,85.4,45.9,26.32,2022,2025,90.3,80.4,-9.9,Stable,46665333.333333336,46.67,538553.0,11.54,4.84,13.38,149.0,0.0,0.0,432,Low,32.4,52.7,3.2,23.2,30.8,Tier 3 - Future Opportunity,932740.0,0.0
Tensa,Odisha,94.8,337.0,4.41,0.38,48.6,121.4,94.9,57.6,8.07,2022,2025,129.0,103.8,-25.2,Improving,10472666.666666666,10.47,209524.0,20.01,5.65,9.03,1244.0,10.0,0.8,794,Medium,24.1,15.3,100.0,14.0,30.8,Tier 3 - Future Opportunity,7862080.0,0.0
Vatva,Gujarat,119.5,380.0,9.72,0.91,55.1,151.8,113.4,93.6,20.2,2019,2025,134.0,102.1,-31.9,Improving,44945000.0,44.95,431724.0,9.61,2.63,20.71,468.0,1.0,0.21,2202,High,30.8,53.8,10.4,20.1,30.8,Tier 3 - Future Opportunity,3728400.0,0.0
Belgaum,Karnataka,68.8,248.0,1.31,0.0,38.3,91.9,53.9,56.5,3.22,2022,2025,91.0,45.2,-45.9,Improving,36658666.666666664,36.66,444335.0,12.12,6.65,15.97,2567.0,21.0,0.82,841,Medium,17.4,43.8,70.0,11.6,30.4,Tier 3 - Future Opportunity,11773973.0,0.0
Chhal,Chhattisgarh,75.1,246.0,1.03,0.0,36.3,83.3,82.5,52.4,0.0,2023,2025,65.5,72.5,7.0,Stable,10718666.666666666,10.72,177100.0,16.52,3.88,11.14,3495.0,17.0,0.49,677,Medium,17.7,16.2,100.0,20.0,30.2,Tier 3 - Future Opportunity,17498300.0,0.0
Korba,Chhattisgarh,73.2,218.0,0.8,0.0,35.0,84.8,84.9,43.1,1.04,2022,2025,91.3,94.8,3.4,Stable,10718666.666666666,10.72,177100.0,16.52,3.88,11.14,3495.0,17.0,0.49,876,Medium,17.1,16.2,100.0,20.5,30.2,Tier 3 - Future Opportunity,17055600.0,0.0
Bhilai,Chhattisgarh,70.2,266.0,1.02,0.0,34.8,94.8,59.9,51.2,2.56,2021,2025,64.8,68.4,3.6,Stable,10718666.666666666,10.72,177100.0,16.52,3.88,11.14,3495.0,17.0,0.49,979,Medium,16.7,16.2,100.0,21.3,30.2,Tier 3 - Future Opportunity,16356600.0,0.0
Haveri,Karnataka,67.8,262.0,1.35,0.0,34.5,90.1,59.3,55.0,4.1,2022,2025,67.2,55.0,-12.2,Stable,36658666.666666664,36.66,444335.0,12.12,6.65,15.97,2567.0,21.0,0.82,816,Medium,16.5,43.8,70.0,12.1,30.2,Tier 3 - Future Opportunity,11602840.0,0.0
Hubballi,Karnataka,74.5,314.0,0.58,0.05,34.7,91.6,73.8,56.3,1.09,2018,2025,95.0,47.7,-47.3,Improving,36658666.666666664,36.66,444335.0,12.12,6.65,15.97,2567.0,21.0,0.82,2071,High,17.1,43.8,70.0,10.5,30.1,Tier 3 - Future Opportunity,12749433.0,0.0
Gandhi Nagar,Gujarat,88.9,305.0,1.43,0.04,39.2,105.8,94.4,65.9,2.74,2019,2025,83.0,97.4,14.4,Stable,44945000.0,44.95,431724.0,9.61,2.63,20.71,468.0,1.0,0.21,2234,High,20.3,53.8,10.4,31.4,30.0,Tier 4 - Low Priority,2773680.0,0.0
Koppal,Karnataka,69.0,384.0,0.23,0.08,30.8,80.2,69.2,55.2,0.21,2020,2025,96.2,53.0,-43.1,Improving,36658666.666666664,36.66,444335.0,12.12,6.65,15.97,2567.0,21.0,0.82,1290,High,15.5,43.8,70.0,10.1,29.4,Tier 4 - Low Priority,11808200.0,0.0
Chikkaballapur,Karnataka,65.7,207.0,0.09,0.0,32.3,83.0,66.6,47.2,0.13,2018,2025,67.3,63.0,-4.3,Stable,36658666.666666664,36.66,444335.0,12.12,6.65,15.97,2567.0,21.0,0.82,2319,High,15.3,43.8,70.0,10.1,29.3,Tier 4 - Low Priority,11243460.0,0.0
Nandesari,Gujarat,116.1,348.0,10.48,0.86,65.5,86.8,123.7,141.8,1.61,2020,2025,157.2,64.7,-92.5,Improving,44945000.0,44.95,431724.0,9.61,2.63,20.71,468.0,1.0,0.21,935,Medium,32.8,53.8,10.4,10.8,29.2,Tier 4 - Low Priority,3622320.0,0.0
Sivasagar,Assam,47.3,91.0,0.0,0.0,17.4,54.3,49.0,36.1,0.0,2022,2025,35.2,54.3,19.2,Stable,6789666.666666667,6.79,154288.0,22.72,2.51,10.28,9886.0,83.0,0.84,961,Medium,9.8,12.3,100.0,30.0,29.0,Tier 4 - Low Priority,31173853.0,0.0
Mandi Gobindgarh,Punjab,143.4,500.0,22.44,3.9,78.9,178.6,141.7,110.9,37.34,2017,2025,216.6,127.1,-89.4,Improving,15280000.0,15.28,175469.0,11.48,3.8,24.17,5.0,3.0,60.0,2669,High,43.9,25.6,0.3,28.7,29.0,Tier 4 - Low Priority,47800.0,339556.0
Dharwad,Karnataka,72.9,295.0,0.28,0.0,22.8,81.3,72.3,63.3,0.43,2022,2025,142.7,66.4,-76.3,Improving,36658666.666666664,36.66,444335.0,12.12,6.65,15.97,2567.0,21.0,0.82,703,Medium,14.4,43.8,70.0,10.2,29.0,Tier 4 - Low Priority,12475620.0,0.0
Visakhapatnam,Andhra Pradesh,111.7,500.0,8.26,0.64,54.0,146.6,96.5,92.8,20.79,2016,2025,97.6,118.8,21.2,Worsening,24383666.666666668,24.38,210265.0,8.62,4.24,10.07,216.0,1.0,0.46,2955,High,29.0,28.9,8.9,40.4,28.8,Tier 4 - Low Priority,1608480.0,0.0
Silchar,Assam,47.5,89.0,0.0,0.0,12.7,51.7,47.8,42.9,0.0,2023,2025,36.7,55.7,19.1,Stable,6789666.666666667,6.79,154288.0,22.72,2.51,10.28,9886.0,83.0,0.84,795,Medium,8.9,12.3,100.0,30.0,28.7,Tier 4 - Low Priority,31305667.0,0.0
Hyderabad,Telangana,90.0,443.0,1.01,0.05,40.6,117.3,87.1,66.1,1.33,2015,2025,100.7,85.5,-15.2,Stable,22761000.0,22.76,,,,,42.0,1.0,2.38,3668,High,20.5,72.8,1.8,10.7,28.3,Tier 4 - Low Priority,252000.0,0.0
Vijayapura,Karnataka,53.6,192.0,0.0,0.0,20.6,54.6,55.0,51.2,0.0,2020,2025,68.2,47.0,-21.2,Improving,36658666.666666664,36.66,444335.0,12.12,6.65,15.97,2567.0,21.0,0.82,1644,High,11.3,43.8,70.0,10.0,27.9,Tier 4 - Low Priority,9172747.0,0.0
Mysuru,Karnataka,51.5,217.0,0.05,0.0,18.1,59.1,51.6,43.2,0.0,2019,2025,55.4,50.7,-4.8,Stable,36658666.666666664,36.66,444335.0,12.12,6.65,15.97,2567.0,21.0,0.82,1896,High,10.5,43.8,70.0,10.0,27.6,Tier 4 - Low Priority,8813367.0,0.0
Shivamogga,Karnataka,55.2,251.0,0.13,0.0,15.4,59.2,57.5,47.6,0.0,2020,2025,73.4,53.9,-19.5,Stable,36658666.666666664,36.66,444335.0,12.12,6.65,15.97,2567.0,21.0,0.82,1575,High,10.5,43.8,70.0,10.0,27.6,Tier 4 - Low Priority,9446560.0,0.0
Bagalkot,Karnataka,48.9,242.0,0.12,0.0,17.3,51.5,49.6,45.4,0.36,2020,2025,67.9,45.7,-22.3,Improving,36658666.666666664,36.66,444335.0,12.12,6.65,15.97,2567.0,21.0,0.82,1703,High,10.0,43.8,70.0,10.2,27.5,Tier 4 - Low Priority,8368420.0,0.0
Chikkamagaluru,Karnataka,47.8,189.0,0.0,0.0,17.2,53.3,51.1,38.9,0.0,2020,2025,50.5,47.4,-3.0,Stable,36658666.666666664,36.66,444335.0,12.12,6.65,15.97,2567.0,21.0,0.82,1632,High,9.8,43.8,70.0,10.0,27.4,Tier 4 - Low Priority,8180173.0,0.0
Madikeri,Karnataka,41.4,163.0,0.0,0.0,19.9,48.2,42.7,31.5,0.0,2020,2025,61.3,40.2,-21.1,Improving,36658666.666666664,36.66,444335.0,12.12,6.65,15.97,2567.0,21.0,0.82,1590,High,9.5,43.8,70.0,10.0,27.3,Tier 4 - Low Priority,7084920.0,0.0
Raipur,Chhattisgarh,79.0,176.0,0.0,0.0,28.4,101.3,74.5,58.8,0.0,2022,2025,132.7,84.4,-48.3,Improving,10718666.666666666,10.72,177100.0,16.52,3.88,11.14,3495.0,17.0,0.49,897,Medium,16.2,16.2,100.0,10.0,27.2,Tier 4 - Low Priority,18407000.0,0.0
Chamarajanagar,Karnataka,44.8,169.0,0.0,0.0,11.1,45.1,47.3,41.5,0.0,2020,2025,52.1,44.9,-7.2,Stable,36658666.666666664,36.66,444335.0,12.12,6.65,15.97,2567.0,21.0,0.82,1517,High,8.2,43.8,70.0,10.0,26.8,Tier 4 - Low Priority,7666773.0,0.0
Bilaspur,Chhattisgarh,68.8,259.0,0.26,0.0,24.7,77.3,64.7,64.0,0.51,2021,2025,83.0,66.0,-17.0,Stable,10718666.666666666,10.72,177100.0,16.52,3.88,11.14,3495.0,17.0,0.49,1151,High,14.2,16.2,100.0,10.3,26.6,Tier 4 - Low Priority,16030400.0,0.0
Ooty,Tamil Nadu,61.1,164.0,0.0,0.0,24.0,61.8,70.2,50.6,0.0,2022,2025,58.1,76.5,18.4,Stable,46665333.333333336,46.67,538553.0,11.54,4.84,13.38,149.0,0.0,0.0,709,Medium,12.9,52.7,3.2,30.0,25.7,Tier 4 - Low Priority,606927.0,0.0
Kochi,Kerala,88.2,293.0,2.78,0.0,43.2,114.7,76.5,75.1,6.9,2020,2024,83.0,91.0,8.0,Stable,35778666.666666664,35.78,180124.0,5.03,8.58,24.36,155.0,1.0,0.65,1186,High,21.5,45.8,4.3,23.5,25.5,Tier 4 - Low Priority,911400.0,0.0
Vellore,Tamil Nadu,71.1,245.0,1.13,0.0,37.6,92.8,59.7,49.4,2.72,2022,2025,70.5,74.1,3.6,Stable,46665333.333333336,46.67,538553.0,11.54,4.84,13.38,149.0,0.0,0.0,441,Low,17.5,52.7,3.2,21.4,25.1,Tier 4 - Low Priority,706260.0,0.0
Ludhiana,Punjab,121.2,488.0,13.15,2.16,66.3,154.7,110.5,98.3,28.65,2017,2025,171.5,104.3,-67.1,Improving,15280000.0,15.28,175469.0,11.48,3.8,24.17,5.0,3.0,60.0,2829,High,34.7,25.6,0.3,24.3,24.7,Tier 4 - Low Priority,40400.0,0.0
Rupnagar,Punjab,116.8,500.0,9.24,0.87,57.8,146.1,110.9,93.0,17.6,2018,2025,103.8,112.7,8.9,Stable,15280000.0,15.28,175469.0,11.48,3.8,24.17,5.0,3.0,60.0,2186,High,30.8,25.6,0.3,28.8,24.4,Tier 4 - Low Priority,38933.0,0.0
Chengalpattu,Tamil Nadu,79.7,399.0,3.16,0.49,49.4,87.5,75.0,71.7,5.0,2022,2025,98.1,65.5,-32.6,Improving,46665333.333333336,46.67,538553.0,11.54,4.84,13.38,149.0,0.0,0.0,412,Low,21.8,52.7,3.2,12.5,24.4,Tier 4 - Low Priority,791687.0,0.0
Kozhikode,Kerala,58.4,417.0,0.2,0.2,23.8,68.7,56.0,50.2,0.6,2020,2023,48.2,77.9,29.7,Worsening,35778666.666666664,35.78,180124.0,5.03,8.58,24.36,155.0,1.0,0.65,998,Medium,12.6,45.8,4.3,30.3,24.1,Tier 4 - Low Priority,603467.0,0.0
Eloor,Kerala,60.1,180.0,0.0,0.0,20.4,67.0,62.9,50.2,0.0,2019,2025,37.9,66.1,28.2,Worsening,35778666.666666664,35.78,180124.0,5.03,8.58,24.36,155.0,1.0,0.65,1772,High,12.1,45.8,4.3,30.0,23.8,Tier 4 - Low Priority,621033.0,0.0
Chandigarh,Chandigarh,122.8,412.0,13.28,2.34,67.9,170.7,110.2,84.1,33.38,2019,2025,138.1,136.5,-1.7,Stable,1362333.3333333333,1.36,10897.0,8.0,4.53,41.58,0.0,0.0,0.0,2093,High,35.3,18.5,0.0,26.7,23.7,Tier 4 - Low Priority,0.0,0.0
Chennai,Tamil Nadu,84.5,399.0,1.88,0.11,38.1,97.4,81.0,75.6,3.76,2015,2025,113.9,72.7,-41.2,Improving,46665333.333333336,46.67,538553.0,11.54,4.84,13.38,149.0,0.0,0.0,3611,High,19.6,52.7,3.2,11.9,23.5,Tier 4 - Low Priority,839367.0,0.0
Amritsar,Punjab,117.2,464.0,10.71,1.53,62.0,151.0,104.9,95.3,23.11,2017,2025,140.1,98.6,-41.5,Improving,15280000.0,15.28,175469.0,11.48,3.8,24.17,5.0,3.0,60.0,2746,High,32.3,25.6,0.3,21.6,23.2,Tier 4 - Low Priority,39067.0,0.0
Hosur,Tamil Nadu,84.2,232.0,1.0,0.0,37.4,103.7,86.8,65.1,1.8,2022,2025,89.7,76.2,-13.5,Stable,46665333.333333336,46.67,538553.0,11.54,4.84,13.38,149.0,0.0,0.0,402,Low,19.1,52.7,3.2,10.9,23.1,Tier 4 - Low Priority,836387.0,0.0
Patiala,Punjab,103.2,415.0,6.14,0.84,55.9,135.9,101.4,72.8,15.27,2018,2025,95.0,98.0,3.0,Stable,15280000.0,15.28,175469.0,11.48,3.8,24.17,5.0,3.0,60.0,2621,High,27.4,25.6,0.3,27.6,22.9,Tier 4 - Low Priority,34400.0,0.0
Tiruppur,Tamil Nadu,75.8,267.0,1.39,0.0,40.5,90.0,59.9,75.1,0.72,2022,2025,119.0,75.7,-43.4,Improving,46665333.333333336,46.67,538553.0,11.54,4.84,13.38,149.0,0.0,0.0,719,Medium,18.8,52.7,3.2,10.4,22.8,Tier 4 - Low Priority,752947.0,0.0
Cuddalore,Tamil Nadu,63.8,329.0,2.26,0.14,45.2,72.4,58.9,62.5,1.5,2023,2025,82.7,57.0,-25.6,Improving,46665333.333333336,46.67,538553.0,11.54,4.84,13.38,149.0,0.0,0.0,707,Medium,18.5,52.7,3.2,10.8,22.8,Tier 4 - Low Priority,633747.0,0.0
Dehradun,Uttarakhand,96.7,327.0,6.06,0.31,55.1,130.9,96.7,62.6,17.38,2022,2025,85.0,92.5,7.5,Stable,5478666.666666667,5.48,66056.0,12.06,2.92,22.3,81.0,2.0,2.47,957,Medium,26.3,15.1,14.8,28.7,22.4,Tier 4 - Low Priority,522180.0,0.0
Chittoor,Andhra Pradesh,74.1,348.0,0.57,0.14,35.4,83.7,74.7,61.4,1.17,2022,2025,70.5,84.0,13.5,Stable,24383666.666666668,24.38,210265.0,8.62,4.24,10.07,216.0,1.0,0.46,705,Medium,17.2,28.9,8.9,30.6,22.2,Tier 4 - Low Priority,1067040.0,0.0
Kannur,Kerala,65.6,258.0,0.19,0.0,23.8,72.3,70.1,51.8,0.36,2020,2025,53.5,58.0,4.5,Stable,35778666.666666664,35.78,180124.0,5.03,8.58,24.36,155.0,1.0,0.65,1559,High,13.6,45.8,4.3,20.2,21.9,Tier 4 - Low Priority,677867.0,0.0
Thiruvananthapuram,Kerala,59.4,267.0,0.42,0.0,27.4,75.9,55.7,46.7,0.63,2017,2025,65.0,70.7,5.6,Stable,35778666.666666664,35.78,180124.0,5.03,8.58,24.36,155.0,1.0,0.65,2835,High,13.6,45.8,4.3,20.3,21.9,Tier 4 - Low Priority,613800.0,0.0
Coimbatore,Tamil Nadu,67.4,343.0,0.54,0.15,33.6,83.8,61.5,53.4,0.83,2019,2025,71.5,62.8,-8.7,Stable,46665333.333333336,46.67,538553.0,11.54,4.84,13.38,149.0,0.0,0.0,1304,High,15.9,52.7,3.2,10.4,21.8,Tier 4 - Low Priority,669507.0,0.0
Khanna,Punjab,99.1,491.0,4.97,0.43,49.3,125.3,95.2,77.5,12.64,2018,2025,92.8,93.7,0.9,Stable,15280000.0,15.28,175469.0,11.48,3.8,24.17,5.0,3.0,60.0,2535,High,25.1,25.6,0.3,26.3,21.8,Tier 4 - Low Priority,33033.0,0.0
Salem,Tamil Nadu,72.6,214.0,0.19,0.0,29.1,82.4,72.2,57.6,0.46,2022,2025,72.9,71.3,-1.7,Stable,46665333.333333336,46.67,538553.0,11.54,4.84,13.38,149.0,0.0,0.0,525,Medium,15.6,52.7,3.2,10.2,21.7,Tier 4 - Low Priority,721160.0,0.0
Jalandhar,Punjab,110.2,377.0,7.77,0.38,53.7,143.9,102.8,84.5,19.62,2018,2025,100.7,97.0,-3.6,Stable,15280000.0,15.28,175469.0,11.48,3.8,24.17,5.0,3.0,60.0,2625,High,28.5,25.6,0.3,19.8,21.4,Tier 4 - Low Priority,36733.0,0.0
Kollam,Kerala,83.3,272.0,1.25,0.0,32.2,98.4,77.8,73.3,2.98,2020,2025,86.0,80.6,-5.4,Stable,35778666.666666664,35.78,180124.0,5.03,8.58,24.36,155.0,1.0,0.65,1521,High,18.0,45.8,4.3,11.5,21.3,Tier 4 - Low Priority,860767.0,0.0
Bathinda,Punjab,107.1,405.0,6.87,1.83,60.0,135.7,103.4,81.0,14.7,2018,2025,105.2,88.4,-16.9,Stable,15280000.0,15.28,175469.0,11.48,3.8,24.17,5.0,3.0,60.0,2243,High,29.0,25.6,0.3,17.4,20.9,Tier 4 - Low Priority,35700.0,0.0
Thoothukudi,Tamil Nadu,57.4,272.0,0.38,0.0,26.2,57.6,61.7,52.3,0.53,2020,2025,62.7,54.9,-7.8,Stable,46665333.333333336,46.67,538553.0,11.54,4.84,13.38,149.0,0.0,0.0,1587,High,13.0,52.7,3.2,10.3,20.8,Tier 4 - Low Priority,570173.0,0.0
Kanchipuram,Tamil Nadu,57.6,320.0,0.43,0.22,26.8,64.0,59.8,42.0,0.0,2022,2025,68.6,60.6,-8.0,Stable,46665333.333333336,46.67,538553.0,11.54,4.84,13.38,149.0,0.0,0.0,463,Low,13.2,52.7,3.2,10.0,20.8,Tier 4 - Low Priority,572160.0,0.0
Ariyalur,Tamil Nadu,51.5,236.0,0.41,0.0,29.1,59.7,54.3,37.5,0.0,2022,2025,81.5,56.3,-25.2,Improving,46665333.333333336,46.67,538553.0,11.54,4.84,13.38,149.0,0.0,0.0,728,Medium,12.9,52.7,3.2,10.0,20.7,Tier 4 - Low Priority,511567.0,0.0
Rajamahendravaram,Andhra Pradesh,82.8,324.0,4.22,0.11,53.1,128.3,65.9,53.8,11.84,2017,2025,117.2,82.5,-34.7,Improving,24383666.666666668,24.38,210265.0,8.62,4.24,10.07,216.0,1.0,0.46,2724,High,23.3,28.9,8.9,15.9,20.7,Tier 4 - Low Priority,1192320.0,0.0
Ramanathapuram,Tamil Nadu,47.5,246.0,0.35,0.0,27.4,56.6,42.5,42.0,0.95,2022,2025,60.1,43.5,-16.6,Stable,46665333.333333336,46.67,538553.0,11.54,4.84,13.38,149.0,0.0,0.0,864,Medium,12.0,52.7,3.2,10.5,20.5,Tier 4 - Low Priority,471833.0,0.0
Amaravati,Andhra Pradesh,75.1,307.0,4.25,0.04,50.4,113.5,60.3,47.7,12.13,2017,2025,196.2,71.7,-124.5,Improving,24383666.666666668,24.38,210265.0,8.62,4.24,10.07,216.0,1.0,0.46,2543,High,21.8,28.9,8.9,16.1,20.2,Tier 4 - Low Priority,1081440.0,0.0
Ernakulam,Kerala,68.0,247.0,0.12,0.0,28.8,83.3,62.8,61.5,0.43,2020,2022,89.8,54.9,-34.9,Improving,35778666.666666664,35.78,180124.0,5.03,8.58,24.36,155.0,1.0,0.65,827,Medium,14.9,45.8,4.3,10.2,19.9,Tier 4 - Low Priority,702667.0,0.0
Srinagar,Jammu and Kashmir,81.0,326.0,3.41,0.24,47.8,107.1,69.7,73.6,8.68,2021,2023,87.9,69.7,-18.2,Stable,5024666.666666667,5.02,41030.0,8.17,1.82,33.88,130.0,2.0,1.54,822,Medium,21.7,19.1,25.9,14.3,19.8,Tier 4 - Low Priority,702000.0,0.0
Kadapa,Andhra Pradesh,66.7,260.0,0.91,0.0,34.6,82.9,63.4,48.5,2.54,2023,2025,68.0,71.4,3.4,Stable,24383666.666666668,24.38,210265.0,8.62,4.24,10.07,216.0,1.0,0.46,660,Medium,16.2,28.9,8.9,21.3,19.6,Tier 4 - Low Priority,960480.0,0.0
Thrissur,Kerala,67.0,181.0,0.0,0.0,24.9,75.5,69.5,52.9,0.0,2020,2025,77.8,57.6,-20.2,Improving,35778666.666666664,35.78,180124.0,5.03,8.58,24.36,155.0,1.0,0.65,1301,High,13.9,45.8,4.3,10.0,19.5,Tier 4 - Low Priority,692333.0,0.0
Kashipur,Uttarakhand,96.0,269.0,2.53,0.0,42.6,121.2,91.0,75.6,5.96,2023,2025,92.1,92.7,0.5,Stable,5478666.666666667,5.48,66056.0,12.06,2.92,22.3,81.0,2.0,2.47,711,Medium,22.3,15.1,14.8,23.0,19.5,Tier 4 - Low Priority,518400.0,0.0
Palkalaiperur,Tamil Nadu,42.5,103.0,0.0,0.0,18.8,47.8,42.9,36.3,0.0,2023,2025,54.3,39.8,-14.5,Stable,46665333.333333336,46.67,538553.0,11.54,4.84,13.38,149.0,0.0,0.0,554,Medium,9.4,52.7,3.2,10.0,19.4,Tier 4 - Low Priority,422167.0,0.0
Rishikesh,Uttarakhand,66.8,208.0,0.25,0.0,33.4,78.0,74.0,43.9,0.82,2023,2025,53.0,77.7,24.7,Worsening,5478666.666666667,5.48,66056.0,12.06,2.92,22.3,81.0,2.0,2.47,785,Medium,15.7,15.1,14.8,30.4,19.1,Tier 4 - Low Priority,360720.0,0.0
Imphal,Manipur,101.2,500.0,2.33,0.58,37.1,107.4,99.2,96.1,1.63,2022,2025,86.1,105.9,19.8,Stable,1279333.3333333333,1.28,7833.0,6.12,0.45,19.72,6.0,0.0,0.0,860,Medium,21.8,9.5,4.7,30.8,18.4,Tier 4 - Low Priority,40480.0,0.0
Gangtok,Sikkim,53.5,265.0,0.58,0.0,31.4,62.4,60.2,37.6,1.82,2022,2025,33.6,83.0,49.4,Worsening,571333.3333333334,0.57,2517.0,4.41,0.12,30.39,0.0,0.0,0.0,869,Medium,13.6,13.0,0.0,40.9,18.2,Tier 4 - Low Priority,0.0,0.0
Tirupati,Andhra Pradesh,70.4,311.0,0.57,0.07,34.1,88.3,68.9,53.5,1.66,2016,2025,89.7,87.9,-1.7,Stable,24383666.666666668,24.38,210265.0,8.62,4.24,10.07,216.0,1.0,0.46,2968,High,16.4,28.9,8.9,10.8,17.0,Tier 4 - Low Priority,1013760.0,0.0
Vijayawada,Andhra Pradesh,70.6,500.0,0.99,0.14,32.0,80.5,70.6,61.0,0.65,2017,2025,82.2,67.4,-14.8,Stable,24383666.666666668,24.38,210265.0,8.62,4.24,10.07,216.0,1.0,0.46,1408,High,16.2,28.9,8.9,10.3,16.8,Tier 4 - Low Priority,1016640.0,0.0
Aizawl,Mizoram,45.1,208.0,0.06,0.0,31.8,47.8,55.6,26.5,0.18,2020,2025,29.3,61.6,32.3,Worsening,793666.6666666666,0.79,7471.0,9.41,0.8,14.78,0.0,0.0,0.0,1636,High,12.4,7.3,0.0,40.1,16.2,Tier 4 - Low Priority,0.0,0.0
Anantapur,Andhra Pradesh,67.4,191.0,0.0,0.0,24.7,72.4,65.8,62.6,0.0,2022,2025,69.9,65.5,-4.4,Stable,24383666.666666668,24.38,210265.0,8.62,4.24,10.07,216.0,1.0,0.46,840,Medium,13.9,28.9,8.9,10.0,15.9,Tier 4 - Low Priority,970560.0,0.0
Puducherry,Puducherry,56.0,274.0,0.52,0.0,26.0,67.1,48.7,52.3,1.17,2021,2025,54.1,54.1,-0.0,Stable,1578333.3333333333,1.58,19177.0,12.15,4.43,20.63,0.0,0.0,0.0,1532,High,12.9,10.6,0.0,10.6,9.8,Tier 4 - Low Priority,0.0,0.0
